player_id,position
AaitIs00,NT
AbanIs00,RB
AbbrJa00,WR
AbdeMe00,DE
AbduAm00,RB
AbduHu99,DB
AbduIs00,S
AbduYa00,LB
AberMi00,S
AbouOd00,T
AbraDe00,DB
AbraJo00,DE
AbraJo01,S
AchaDe00,RB
AchoEm00,OLB
AchoSa00,ROLB
AckeKe00,CB
AdamAn00,S
AdamDa01,WR
AdamIs01,OL
AdamIs01,OL
AdamIs01,OL
AdamJa00,SS
AdamJe00,T
AdamJe01,TE
AdamJo02,CB
AdamJo03,RB
AdamKy00,TE
AdamMa00,OLB
AdamMi02,T
AdamMi21,DB
AdamMi98,DB
AdamMo00,DT
AdamMy00,DT
AdamPh00,DB
AdamRo01,WR
AdamTo03,S
AdamTy00,LB
AddaJa00,S
AddeNa00,S
AddiBr01,RB
AddiJo00,WR
AddiMa00,DE
AddiTu00,LS
AdebAd00,DE
AdebPa00,CB
AdebQu00,WR
AdenHa00,OL
AdenOl00,DE
AdeoAa00,DE
AdjeJu00,CB
AdkiNa00,TE
AdomCa00,LS
AdonDa00,LB
AghoNe00,WR
AgimMc00,DL
AgneJa00,WR-CB
AgneRa00,FB
AguaRo00,K
AhmeRa00,K
AhmeSa01,RB
AikeDa00,LS
AikeKa00,WR
AikeWa00,CB
AiyeVi00,LB
AiyuBr00,WR
AjayJa00,RB
AjirSe00,WR
AkerCa00,RB
AkerLa00,WR
AkerLa00,WR
akersdav01,K
AkinAl00,T
AkinAl00,T
AkinAl00,T
AkinFr01,DE
AkinJo00,TE
AlakOt01,LB
AlbeBr20,G
AlbrBr00,LB
AlexAd00,DB
AlexAd00,DB
AlexD.00,OLB
AlexDo01,ILB
AlexFr00,DE
AlexJa00,CB
AlexKw00,OLB
AlexLo99,DT-OLB
AlexMa00,SS
AlexMa01,CB
AlexMa02,WR
AlexVa00,G
AlfoDe00,DB
AlfoMa00,WR
AlfoRo00,CB
AlieMo00,TE
AlixJo00,WR
AlleAn02,SS
AlleBe00,DT
AlleBr00,QB
AlleBr01,CB
AlleBr02,C
AlleBr04,OLB
AlleBr05,RB
AlleBr05,RB
AlleBr05,RB
AlleCh02,LB
AlleCh03,TE
AlleCo00,DB
AlleDa01,LB
AlleDa02,TE
AlleDe02,WR
AlleDw00,TE
AlleJa01,RB
AlleJa22,DE
AlleJe01,T
AlleJo00,C
AlleJo01,DT
AlleJo02,QB
AlleJo03,EDGE
AlleKe00,WR
AlleKy00,QB
AlleMa03,S
AlleNa99,DB
AlleNi00,G
AlleRa00,TE
AlleRi00,CB
AlleRu00,MLB
AlleRy01,P
AlleWi21,DB
AlleZa01,DL
AllgTy00,RB
AlliGe01,WR
AllxEr00,TE
AllxEr00,TE
AlonKi00,ILB
AlShAz00,OLB
AltxJo01,OT
AltxJo01,OT
AltxJo01,OT
AluaTy99,DT
AlufAu00,DT
AmadUg00,S
AmarJa00,TE
AmenDa00,WR
AmerDa00,CB
AmmeMa00,K
AmosAd00,FS
AmukPr00,CB
AnaeBr00,DL
AnchTr00,OL
AndeAb00,DT
AndeAl01,T
AndeAl01,T
AndeAl01,T
AndeC.00,RB
AndeCa00,T
AndeCo01,DB
AndeDe00,QB
AndeHe00,DE
AndeJa01,G
AndeJa21,MLB
AndeJo00,WR
AndeJo01,LB
AndeJu01,LB
AndeLi00,LB
AndeLi00,LB
AndeRo04,WR
AndeRy00,OLB
AndeRy01,DE
AndeSp00,OL
AndeSt01,TE
AndeTr00,LB
AndeTy00,S
AndeWi01,DE
AndeZa01,LB
AndeZa02,DB
AndrAn00,RB
AndrDa00,C
AndrJa00,C
AndrJo01,G
AndrMa00,TE
AngeBr00,P
AngePa99,LB
AnkoEl00,DT
AnkrJa00,LB
AnneBl01,TE
AnsaEz00,DE
AnthDa00,S
AnthSt00,ILB
AnudFe00,DE
AnunKe00,DE
AnzaAl00,OLB
ApkeTr00,S
ApplEl00,CB
AraiMa00,P
AraiMa00,P
ArceJJ00,WR
ArchDa01,DT
ArchDa01,DT
ArchDr00,WR
ArcuAJ00,T
ArenJa99,DB
ArkiDa00,OL
ArmaAl00,FB
ArmbTh00,MLB
ArmoJa00,DB
ArmsAr01,DE
ArmsCo00,CB
ArmsDo00,DE
ArmsRa01,OLB
ArmsRy00,RB
ArmsTe00,T
ArneDa00,CB
ArnfBr00,DE
ArnoDa00,WR
ArnoGr01,DB
ArnoTe00,CB
ArnoTe00,CB
ArriKy00,DB
ArtiCa00,RB
AsamBr00,LB
AsamJo20,G
AsanLa99,DB
AshxRi00,DT
AsiaDe00,TE
AsiaIs00,G
AsiaMa00,FB
AsomNn20,DB
AspeMa00,G
AtemMa00,WR
AtkiGe01,RB
AtkiGe99,DT
AtkiJo01,DT
AttaJe00,OLB
AtweTu00,WR
AubrBr00,K
AubrJo00,DB
AuclAn00,TE
AusbDa00,WR
AustAl00,CB
AustBl00,CB
AustCa00,WR
AustMa00,DL
AustMi00,WR
AustRo00,G
AustTa00,WR
AustTh00,G
AutrDe00,DE
AvanJa00,WR
AverAn00,CB
AverDo00,WR
AverGe00,OLB
AverTr01,CB
AvilSt00,G
AvriCl99,DE
AwosKa00,T
AwuzCh00,CB
AyerAk00,MLB
AyerDe00,WR
AyerRo99,DE
BaasDa20,G-C
BabiJa20,OLB-DE
BabiJo20,DE-DT
BacaJe00,G
BaccAn00,WR
BachAl00,WR
BachJo01,LB
BackKe00,TE
BadaDa00,DT
BadeJe00,WR
BadeJo00,DB
BadgMi00,K
BadiTy00,RB
BageTy00,QB
BailAl00,DL
BailAl01,G
BailCh00,DB
BailDa00,K
BailDi00,FS
BailJa00,P
BailMa01,OLB
BailPa99,OLB
BailQu00,T
BailSt01,WR
BailZa01,G
BairBr00,DT
BajeBi00,TE
BakeBu00,FS
BakeCh01,DT
BakeCh99,DT
BakeDa02,CB
BakeDe00,CB
BakeEd01,RB
BakeJa00,WR
BakeJa00,WR
BakeJe00,OLB
BakeKa00,WR
BakeKa00,WR
BakeSa21,T
BakeSe00,S
BakhDa00,T
BaldAl01,OL
BaldDa01,WR
BaldDo00,WR
BaldJo00,WR
BallAl99,DB
BallCo00,CB
BallJa21,TE
BallJo00,T
BallKa00,RB
BallLo00,FS
BallMa00,S
BallMo00,RB
BallNe00,OLB
BallVi00,RB
BandMi00,WR
BanjCh00,S
BankAa00,G
BankBr01,DL
BankDe00,CB
BankEr00,DT
BankJo00,CB
BankKe00,LB
BankKe00,LB
BannJu20,DT
BannZa00,G
BanoBe00,EDGE
BanyJo00,RB
BarbAl20,T
BarbPe01,RB
BarcDo00,G
BarcLu00,DB
BargJa00,RB
BariBr00,P
BarkCh00,G
BarkJo00,T
BarkMa00,QB
BarkSa00,RB
BarmCh00,DT
BarnAd01,CB
BarnAJ00,TE
BarnAm00,DE
BarnAn99,OLB
BarnDe01,DE
BarnDe02,LB
BarnGa01,TE
BarnKa00,CB
BarnKe00,RB
BarnKh20,T
BarnKr00,OLB
BarnNi20,LB
BarnT.00,DT
BarnTa00,DE
BarnTi01,C
BarnZa00,LB
BarrAl00,DE
BarrAn00,OLB
BarrLa00,ILB
BarrMa00,OLB
BarrSa00,ILB
BarrSh00,OLB
BarsAl01,T
BarsBr00,DE
BartBe00,OL
BartCo00,OLB
BartGr00,C
BartGr00,C
BartGr00,C
barthco01,K
BartJa00,OL
BartJo01,LB
BarwCo99,DE
BashCa00,DE
BashTa00,DE
BaskMi00,LB
BassDa00,DE
BassEs01,DB
BassTJ00,G
BassTy00,K
BateBr00,TE
BateBr00,TE
BateDa00,OLB
BateHo00,OLB
BateJa00,K
BateJa00,K
BateJa00,K
BateJe00,FS
BateJo00,TE
BatePh00,WR
BateRa00,WR
BateRy02,OL
BateTr00,LB
BatsCa00,WR
BattJa00,RB
BattJo00,S
BaugMa02,TE
BaunZa00,OLB
BausDe00,DB
BawdNi00,RB
BayeAl00,TE
BaylEv00,TE
BeacKe00,T
BeadZa20,T
BealRo00,DL
BealRo00,DL
BealRo00,DL
BealSa00,DB
BealSa00,DB
BealSa00,DB
BeasCo00,WR
BeasJo99,LB
BeasVi00,OLB
BeatC.00,QB
BeatWi20,T
BeauSt00,ILB
BeavDa00,LB
BeavDa00,LB
BeavWi00,T
BeckAn01,TE
BeckKe00,ILB
BeckNa00,TE
BeckOd00,WR
BeckTa00,LB
BeckTa00,LB
BectMe00,OL
BectNi00,T
BeebCh00,WR
BeebCo00,OG
BeebCo00,OG
BeebCo00,OG
BeexRy00,DE
BegeRe00,WR
BellB.00,LB
BellBl00,TE
BellBr01,OLB
BellBy00,T
BellDa00,TE
BellDa02,WR
BellDA03,S
BellJa00,TE
BellJa00,TE
BellJo01,RB
BellJo02,WR
BellKa00,RB
BellLe00,RB
BellLe02,RB
BellMa01,DB
BellNi01,OLB-FB
BellQu00,DE
BellRo01,WR
BellTr01,DT
BellTr01,DT
BellVo00,SS
BellYe20,DB
BeltDa00,DB
BenaMa00,LB
BeneCa00,T
BenfCh00,DB
BenjEn00,RB
BenjKe00,WR
BenjTr00,WR
BenkKu01,QB
BennAr00,WR
BennEa00,WR
BennJa00,CB
BennMa00,TE
BennMi01,DT
BennMi99,DE
BensTr00,WR
BensTr01,RB
BensTr01,RB
BentBi00,CB
BentEl00,DB
BentJa00,ILB
BentKe00,DL
BenwBe00,CB
BenzBe01,G
BequJa00,DE
BergJo20,T
BergMa00,OL
BergTo00,T
BerhNa00,SS
BernFr01,LB
BernGi00,RB
BernJa00,WR
BernJa01,S
BernMa20,G
BernTe00,LB
BerrAa00,DB
BerrBr00,WR
BerrEr99,DB
BerrJo00,P
BerrRa01,TE
BerrSt00,WR
BersBr00,WR
BertJD00,LB
BertJD00,LB
BertTa01,K
BessDa00,WR
BethAn20,DB
BethJu00,CB
BethTa00,LB
BeyeBr00,LB
BiadTy00,OL
BibbE.00,TE
BibbKa00,RB
BiegVi00,OLB
BierKe00,ILB
BierKr99,OLB
BiggE.99,DB
BighAd00,LB
BigsTa00,RB
BilaAs00,LB
BillAn00,DT
BillJa00,WR
BiluCh00,DE
BirdBr00,LB
bironrob01,K
BishBe00,CB
BishBe00,CB
BishCo00,S
BishCo00,S
BishDe99,MLB
BishFr00,DE
BishKe01,DT
BisnAd00,T
BitoJo00,G
BlacAh00,SS
BlacAn00,DT
BlacCh21,MLB
BlacHe00,DB
BlacJo00,CB
BlacJu00,WR
BlacJu01,S
BlacMe00,CB
BlacRa00,RB
BlacRo00,DL
BlacSa00,WR
BlacTa00,WR
BlacTa00,WR
BlacWi20,DB
BlaiCh00,WR
BlaiCh00,WR
BlaiMa01,S
BlaiRo00,DE
BlakAn00,CB
BlakCh00,WR
BlalJu20,G
BlanDa00,DB
BlanKe01,TE
BlanRe00,S
BlanRo00,CB
BlanRo03,K
BlasKh00,RB
BledAm01,DE
BledJo00,S
BlewCh00,K
BlouDa00,QB
BlouJo00,FS
BlouLe00,RB
BlueAl00,RB
BluxKy00,CB
BlytAu00,C
BoarC.00,WR
BoarCh00,OLB
BoatKe00,DE
BobeJa00,LS
BoboJa00,WR
BoddBr01,CB
BodiRu00,G
BoehEv00,C
BoetIk00,G
BoggTa00,C
BohaQu00,DT
BohaTo00,FB
BojoCo00,P
BoldAn00,WR
BoldBr00,RB
BoldOm00,CB
BoldVi00,WR
BoleMi20,LB
BoliCl00,RG
BollGa00,T
BoltCu00,LB
BoltNi00,LB
BondDe00,OLB
BondDe01,C
BondTe00,DB
BondTr00,G
BoniNi00,OLB
BonnEt00,CB
BonnEt00,CB
BonnEt00,CB
BonnRe00,RB
BookAu00,DL
BookAu00,DL
BookDe00,RB
BookIa00,QB
BookIa00,QB
BookIa00,QB
BookIa00,QB
BookIa00,QB
BookIa00,QB
BookIa00,QB
BookTh00,DE
BoonAl21,T
BoonMi00,RB
BootAn00,CB
BootDi00,DB
BootKe20,T
BordBr00,CB
BorlCh00,ILB
BorlTu00,LB
BorlTu00,LB
BoroLa00,OL
BortBl00,QB
BosaJo00,DE
BosaNi00,EDGE
BoshMa00,P
BostBr00,TE
BostJo00,LILB
BostTr00,FS
BoswCh00,K
BoswKy00,LB
BourKe00,WR
BoutKa00,WR
BouyA.00,CB
BowaLu00,C
BowdLy00,WR
BoweBr01,TE
BoweBr01,TE
BoweDa00,DE
BoweDw00,WR
BoweNi00,TE
BoweSt20,DE
BoweTa00,OLB
BowiMi00,T
BowmBr00,TE
BowmNa99,MLB
BowmZa20,DB
BowsTy00,OLB
BoycJo00,WR
BoydJo00,DT
BoydKh00,DT
BoydKh00,DT
BoydKr00,CB
BoydTy00,WR
BoyeEk00,CB
BoyeEk00,CB
BoyeEk00,CB
BoykBr00,CB
BoykBr01,T
BoykJa00,WR
BoykLa00,CB
BoykMi00,WR
BoykTr00,QB
BoylNi00,TE
BoylTi00,QB
BozeBr00,C
BracBr00,TE
BradAh00,RB
BradAl00,RB
BradAn00,G
BradBa00,OLB
BradBe00,G
BradCa00,T
BradCa01,OLB
BradDa00,RB
BradGa00,OL
BradHu00,LS
BradJa00,CB
BradJa01,WR
BradNi00,OLB
BradSa00,QB
BradSh00,LB
BradTo00,QB
BradWi00,DE
BraiJo00,EDGE
BramBr00,OLB
BranAl99,DT
BranAn00,DE
BranBl00,T
BranBr00,DB
BranCa00,DT
BranJo00,DB
BranTy99,DB
BrasCh00,CB
BrasCh01,OLB
BrasCh01,OLB
BratCa00,TE
BrauBe00,TE
BravDa00,WR
BrayQu00,WR
BrayTy00,QB
BrazLa00,WR
BreaDe00,CB
BredBe00,OL
BreeBa00,CB
BreeBr00,DB
BreeBr00,DB
BreeDr00,QB
BreiMa00,RB
BrenJa01,C
BrenJo00,DT
BrenJu00,CB
BrenK.00,WR
BrenSa01,C
BresBr00,DT
BrewAa00,LS
BrewAa01,C
BrewCh01,T
BrewCJ00,DT
BrewJa00,OL
BrewMi00,C
BricKe00,S
BridTe00,QB
BrigGa00,RB
BrigLa99,LB
BrinBe00,LS
BrinJa99,MLB
BrinKy00,K
BrisJa00,QB
BrisJa01,S
BrisMi20,G
BritEb20,T
BritJu00,T
BritKe00,WR
BritKJ00,LB
BrocKe00,TE
BrocMi00,DT
BrocRi00,TE
BrocTr00,DB
BroeNi00,G
BroeNi00,G
BroeNi00,G
BromJa00,DT
BronJo01,DT
BronJo01,DT
BrooAh21,MLB
BrooAn00,S
BrooBr00,G
BrooBr01,RB
BrooBr01,RB
BrooCa00,CB
BrooCh00,RB
BrooJa03,WR
BrooJo01,OLB
BrooKa00,DL
BrooMi02,DT
BrooNa00,DB
BrooRo01,CB
BrooTe00,FS
BrooTo01,RB
BrotKe00,ILB
BrouCo00,DL
BrowAJ00,WR
BrowAl02,DB
BrowAn02,CB
BrowAn03,RB
BrowAn04,WR
BrowAn05,DE
BrowAn06,QB
BrowAr00,OLB
BrowBa01,LB
BrowBe01,G
BrowBl00,ILB
BrowBo04,DT
BrowBr00,CB
BrowBr02,RB
BrowBr06,RB
BrowCa01,OLB
BrowCh05,DB
BrowCh10,RB
BrowCh28,T
BrowCo23,T
BrowCu01,DB
BrowDa04,TE
BrowDe05,DL
BrowDe06,G
BrowDo00,RB
BrowDo02,CB
BrowDu20,LT
BrowDy00,WR
BrowEa00,DE
BrowEv00,C
BrowEv99,DE
BrowFa00,DE
BrowFr01,WR
BrowJa00,DB
BrowJa03,WR
BrowJa04,T
BrowJa05,OLB
BrowJa06,ILB
BrowJa07,WR
BrowJa08,QB
BrowJa09,CB
BrowJa09,CB
BrowJi01,S
BrowJo02,WR
BrowJo03,K
BrowJu00,WR
BrowKe01,DE
BrowKo00,DE
BrowKy00,DB
BrowLe20,T
BrowMa00,WR
BrowMa01,DT
BrowMa02,RB
BrowMa03,RB
BrowMa04,WR
BrowMi00,WR
BrowMi01,DT
BrowMi02,DB
BrowMo00,DB
brownjos01,K
BrowNo00,WR
BrowOm00,S
BrowOr00,T
BrowPh00,WR
BrowPh01,TE
BrowPr00,ILB
BrowRo05,RB
BrowSe00,DB
BrowSp00,T
BrowSp01,RB
BrowSp01,RB
BrowSt99,DB
BrowSy00,S
BrowTa99,DB
BrowTo01,CB
BrowTo03,WR
BrowTr02,T
BrowTr03,DB
BrowVi00,WR
BrowVi00,WR
BrowVi00,WR
BrowVi00,WR
BrowZa00,OLB
BroyRy00,WR
BrunDa00,T
BrunTJ00,LB
BrusLo00,OL
BrusLo00,OL
BrusLo00,OL
BrutDa99,DB
BryaAr00,DE
BryaAu00,EDGE
BryaBr00,DL
BryaC.00,FS
BryaCo00,DE
BryaCo01,CB
BryaDe00,DT
BryaDe01,WR
BryaHa00,TE
BryaHu02,TE
BryaMa00,WR
BryaMy01,DB
bryanmat01,K
BryaRe99,DT
BryaTa00,DT
BryaVe00,WR
BucaDe00,SS
BuchMi00,DE
BuckDe00,DT
BuggIs00,DL
BulaBr20,T
BullCa00,S
BullCa00,S
BullJa00,S
BullJa00,S
BullJo00,DE
BullMa00,ILB
BullRa00,K
BullRi00,ILB
BundMa00,WR
BunkBr20,DT
BuntIa00,TE
BuntIa00,TE
BuntSe00,CB
BurbAa00,WR
BurfSp00,OL
BurfVo00,MLB
BurgJa01,LB
BurgTe00,S
BurkBr00,RB
BurkOr00,ILB
BurkRe00,RB
BurkTr00,WR
BurlMa00,CB
BurlNa00,WR
BurnAm00,LB
BurnAr00,CB
BurnBr00,EDGE
BurnDe00,WR
BurnKa00,LB
BurnKe20,LOLB
BurnMo99,DB
BurrBe00,LB
BurrJo01,QB
BurrJu00,CB
BurrMi00,OLB
BursIs01,WR
BurtBr00,DB
BurtDe00,WR
BurtJe01,WR
BurtJe01,WR
BurtMi00,FB
BurtSt00,WR
BurtTr01,TE
BurwTy00,T
BushDe00,FS
BushDe01,OLB
BushJa20,DB
BushJe20,T
BushJo00,S
BushMa00,TE
BushMi00,RB
BushRa00,S
BushRe00,RB
ButkHa00,K
ButlAd00,DT
ButlBr00,WR
ButlCr99,DB
ButlDa00,LB
ButlDa99,DB
ButlDo99,OLB
ButlDr00,P
ButlHa00,WR
ButlJe01,WR
ButlMa00,CB
ButlMa01,CB
ButlMa02,DT
ButlPe00,S
ButlRa20,T
ButlVe00,DT
ButlVi99,OLB
ButtJa00,TE
ByarKe01,S
ByerJe00,C
ByhaNa00,TE
ByndCa00,CB
ByneJo00,MLB
BynuCa00,S
BynuTe00,WR
ByrdDa00,WR
ByrdEm00,TE
ByrdJa99,DB
ByrdLa00,WR
ByrnJa00,TE
CabiJa00,FB-LB
CadeTr00,RB
CageLa01,WR
CainDe00,WR
CainJe20,OLB
CajuYo00,OL
CalaRa00,RB
CalcGr00,TE
CaldAn00,WR
CaldTr00,DB
CalhSh00,DE
CalhSh01,G
CalhTa01,DB
CaliAu00,RILB
CaliMi00,OL
CallAn00,WR
CallBr00,CB
CallJo00,QB
CallMa01,WR
CamaJa00,P
CameJo00,TE
CampCa99,DE
CampCh02,LB
CampD.00,FS
CampDe00,OLB
CampEl00,DB
CampIb00,SS
CampJa00,QB
CampJa03,WR
CampJa03,WR
CampJa04,LB
CampMi01,WR
CampMi02,WR
CampPa00,WR
CampTe00,DB
CampTo00,DB
CampTy01,CB
CanaKa00,LS
CanaMa00,CB
CannA.00,G
CannMa00,OL
CannTr00,RB
CantCh21,DE
CapiNo00,LB
CappAl00,T
CardJo00,LS
CardTa00,ILB
CareDo00,DB
CareKa00,RB
CariGa00,OL
CarlAn00,K
CarlDa00,K
CarlJa01,LB
CarlJa01,LB
CarlJo00,TE
CarlSt00,TE
CarmJa00,G
CarmRo00,CB
CarpDa44,K
CarpJa00,LG
CarpTa00,DB
CarrAl99,DE
CarrAu00,WR
CarrBr99,DB
CarrCh22,DB
CarrCo00,DE
CarrDe00,TE
CarrDe01,CB
CarrDe02,QB
CarrJo00,DE
CarrLe00,WR
CarrNo00,DB
CarrRy00,DT
CarrTr00,CB
CarsCa01,CB
CarsCa01,CB
CarsCh00,RB
CarsGl01,ILB
CarsTr01,HB
CartAl01,CB
CartAn01,OLB
CartAn20,DE-LB
CartBr00,MLB
CartCe00,TE
CartCh00,ROLB
CartDa01,DT
CartDe01,RB
CartDe02,WR
CartDe03,DT
CartJa02,S
CartJa04,OL
CartJa05,DT
CartJe00,OLB
CartKy01,TE
CartLo01,DE
CartMi02,CB
CartMi03,RB
CartQu01,DB
CartRo02,DE
CartRo03,TE
CartSh01,DB
CartTJ00,DB
CartTJ01,DE
CartTo01,FB
CartTo99,DB
CartZa00,DE
CaseCh00,CB
CaseJa00,TE
CaseJu00,DL
CashBl00,LB
CashJe00,LB
CasiJo99,MLB
CasoAn99,DB
CassMa00,QB
CastAn00,LT
CastSe00,K
CastTa00,CB
CataCh00,K
CataMi00,DE
CataTy00,G
CattSe00,FS
CeleBr00,TE
CeleGa00,TE
CephQu00,WR
ChacAn00,CB
ChaiKL00,OLB
ChanJa98,MLB
ChanKa99,DB
ChanNa00,DT
ChanSc00,TE
ChanSe00,FS
ChanTy01,RB
ChapJo00,DT
CharDJ00,WR
CharIr00,WR
CharJa00,RB
CharJo01,P
CharOr00,TE
CharSa00,OL
CharSt00,DT
CharTa00,DE
CharZa00,RB
ChasJa00,WR
ChatEl00,DT
ChatEl00,DT
CheeCa00,LS
ChekCh00,DB
ChenLe00,LB
CherCl00,LB
CherGo20,T
ChesAn00,DB
ChesCh21,G
ChesJe00,WR
ChesJu00,RB
ChicAn00,DE
ChinJe00,S
ChisDa00,WR
ChoiTa00,RB
ChriBr00,G
ChriCo00,LB
ChriDr00,P
ChriGe00,TE
ChriGe01,T
ChriMa00,SS
ChubBr00,DE
ChubNi00,RB
ChunJo00,RB
ChunPa99,DB
ChurBa99,DB
CichJa00,ILB
CineLe00,DB
CiscAn00,S
ClabTy20,T
CladRy20,T
ClaiMo00,CB
ClapWi00,C
ClarCh00,FS
ClarCh21,T
ClarDa00,TE
ClarDa02,LB
ClarFr01,DE
ClarJe04,CB
ClarJe20,T
ClarKe01,DT
ClarKe02,CB
ClarLe01,T
ClarMi00,WR
ClarRy20,DB
ClarWi00,DE
ClauBl01,T
ClauJi00,QB
ClayAd00,DL
ClayCh00,TE
ClayCh01,WR
ClayCh02,CB
ClayKa00,WR
CleaEm01,T
ClemCh00,DT
ClemCh23,OLB
ClemCh97,DB
ClemCo00,RB
ClemKe00,QB
ClemMi03,DT
ClemT.00,T
ClevAs00,TE
ClevBe00,G
ClevEz00,OL
ClevTy00,WR
ClifSe00,QB
ClinHa00,FS
ClinKa00,DT
ClowJa00,DE
ClutTy00,FB
CoatJo01,DT
CoatSa00,WR
CobbDa00,RB
CobbOm00,LB
CobbRa00,WR
CobuKe00,DT
CochJa00,LB
CockRo00,CB
CocoJa00,LS
CodrBr00,DB
CodrBr00,DB
CodyTe99,DT
CoexRo00,DT
CoffCh00,TE
CofiBa20,DT
CoheLa99,DT
CoheTa00,RB
ColbAd00,SS
ColeAJ01,P
ColeAu00,ILB
ColeBr00,WR
ColeBr02,OT
ColeBr02,OT
ColeBr02,OT
ColeCo00,WR
ColeCo20,DT
ColeDa00,DT
ColeDe00,RB
ColeDe01,DT
ColeDy00,OLB
ColeJu01,CB
ColeKe00,WR
ColeKe02,WR
ColeKe02,WR
ColeKe02,WR
ColeKu99,LB
ColeLa02,RB
ColeLa03,T
ColeMa01,DB
ColeMa02,C
ColeMa03,WR
ColeMy00,DE
ColeMy00,DE
ColeSh00,T
ColeSt00,WR
ColeTe01,RB
ColeTr01,DL
ColeTr20,DE-LB
ColeXa00,CB
CollAl00,RB
CollAn21,T
CollAu00,WR
CollAv00,G
CollDa20,T
CollJa00,OLB
CollJa02,CB
CollJe01,FB
CollLa00,SS
CollLa01,T
CollLJ00,DL
CollMa00,DT
CollNa20,DT
CollNi00,WR
CollZa00,OLB
ColoTr01,C
ColoWi20,G
ColqBr00,P
ColqDu20,P
ColsJu00,LB
ColsJu00,LB
ColsMa00,WR
ColvAa00,CB
ComiJo00,DE
CommSa00,CB
CompTo00,T
CompWi00,MLB
CondJo20,LS
ConeKe00,WR
ConkJa00,T
ConkTy00,TE
ConlCh00,WR
ConlGa00,CB
ConnCh01,DB
ConnDa21,G
ConnDa99,MLB
ConnJa00,RB
ConnJo00,RB
ConnKa99,LB
ConnRy00,LB
ConnSn00,RB
ConnTa00,TE
ConrMa00,DT
ContCh00,DB
CookAl00,S
CookBr00,WR
CookBr02,S
CookCh99,DB
CookCo00,QB
CookDa01,RB
CookEl00,WR
CookJa01,RB
CookJa02,TE
CookKy20,C
CookLo00,P
CoonNo00,P
CoonTr00,K
CoopAm00,WR
CoopEd00,LB
CoopEd00,LB
CoopJo00,WR
CoopJo01,G
CoopJo02,OLB
CoopMa00,CB
CoopPh00,WR
CoopRi00,WR
CoopXa00,DT
CopeBr00,OLB
CopeMa01,DL
CoplQu00,DE
CorbAu00,G
CorbJa01,RB
CordJi00,C
CoreCo00,WR
CorlMa00,WR
CorlMa00,WR
CornJa00,OL
CornJa01,DT
CornJa01,DT
CornPa00,T
CorrKa00,OLB
CoruBl00,RB
CoruBl00,RB
CoruBl00,RB
CoruBl00,RB
CosmSa00,OL
CostBl20,OLB
CostDo00,DT
CostPh00,G-C
CotcJe00,WR
CottJe00,WR
CottLe00,G
CottNa00,RB
CougCa00,OLB
CoulIs00,WR
CounBl00,CB
CoupJe00,S
CousKi00,QB
CousOn00,T
CoutKe00,WR
CoveBr00,WR
CoviCh00,DT
CoviCh01,LB
CowaBy00,DL
CowaRa00,DT
CowiJa00,WR
CowiJa00,WR
CowsJa00,LB
CoxxBr01,DE
CoxxBr02,LB
CoxxCh01,RB
CoxxDe00,FS
CoxxDe99,DB
CoxxFl00,DT
CoxxJa00,LB
CoxxJe00,RB
CoxxMi00,RB
CoxxMo00,C
CoxxPe99,DB
CoylBr00,MLB
CoylTy00,S
CoylTy00,S
CrabMi00,WR
CrabTo00,TE
CracRi00,WR
CravSu00,OLB
CrawAa00,DT
CrawJa00,DE
CrawJa01,LB
CrawKe02,DB
CrawTy00,DE
CrawXa00,CB
CribJo01,WR
CricJa00,DT
CricSc00,DE
CrinJu00,WR
CrocCh20,DB
CrocDa01,RB
CrocJo00,RB
CromAn20,DB
CromDa00,S
CromMa01,CB
CronCo00,OL
CrooJa00,TE
CrosAl00,TE
CrosCh00,OL
CrosCo00,T
CrosKe00,CB
CrosMa00,EDGE
CrosMa20,K
CrosNi00,DB
CrosTy00,T
CrowIs00,RB
CrowJa00,WR
CrowTa00,RILB-LB
CrowTa00,RILB
CrowTa00,RILB-LB
CruiDa00,CB
CruzVi00,WR
CudjJe00,DT
CudjYa00,LB
CulkSe00,TE
CullCh00,DB
CumbJe00,TE
cundibil01,K
CunnB.00,WR
CunnBe01,RB
CunnJe00,TE
CunnJe99,LB
CunnJu00,TE
CunnKo00,T
CunnMa00,QB
CunnZa00,OLB
CurhJa00,T
CurlKa00,S
CurrJu00,S
CurrVi00,DE
CurtMc00,G
CushBr99,LB
CushLl00,OL
CutlJa00,QB
CuttAu00,LS
CyprJo00,SS
DafnDo00,TE
DahlCr99,DB
DahlHa20,T
DahlJo00,G
DaleDe00,OL
DallDe00,RB
DalmDr00,OL
DaltAn00,QB
DaltJa00,DT
DalySc01,LS
DangJo00,FS
DaniB.00,QB
DaniCh00,QB
DaniDa02,TE
DaniDa04,DT
DaniJa01,C
DaniJa02,QB
DaniJa02,QB
DaniJa02,QB
DaniJa02,QB
DaniJa02,QB
DaniJa02,QB
DaniJa02,QB
DaniJa02,QB
DaniJa02,QB
DaniKa00,LB
DaniLe00,RB
DaniMa00,DB
DaniMi00,DT
DaniOw00,TE
DaniRo01,DB
DaniTr00,P
DannMi00,DE
DansKa20,LB
DantCa00,CB
DarbAm00,WR
DarbFr00,WR
DarbRo00,CB
DardJa00,WR
DareMa00,DT
DarkOr00,RB
DarnSa00,QB
DarrCh00,LT
DarrMa00,P
DaveJu00,T
DaveMa00,DE
DaviAk00,S
DaviAk01,OLB
DaviAn27,T
DaviAs00,S
DaviAu00,QB
DaviCa01,DT
DaviCa02,CB
DaviCa03,DL
DaviCh05,CB
DaviCo02,S
DaviCo03,WR
DaviDa03,WR
DaviDe00,MLB
DaviDe02,WR
DaviDJ00,DT
DaviDo02,QB
DaviDo03,DT
DaviDr00,WR
DaviFr01,TE
DaviGa01,WR
DaviGe00,WR
DaviIs00,RB
DaviIs00,RB
DaviJa01,ILB
DaviJa02,LB
DaviJa05,LB
DaviJa06,CB
DaviJa07,WR
DaviJa08,DE
DaviJa10,CB
DaviJa11,LB
DaviJe00,T
DaviJo03,DT
DaviJu00,RB
DaviKa00,S
DaviKa01,DL
DaviKa01,DL
DaviKe01,TE
DaviKe03,DL
DaviKh00,DL
DaviKn00,RB
DaviLa00,OLB
DaviMa01,DL
DaviMa02,RB
DaviMi01,RB
DaviMi03,DB-LCB-LCB/RCB-CB
DaviMi03,LCB
DaviMi03,DB
DaviMi03,LCB/RCB
DaviMi03,DB-LCB-LCB/RCB-CB
DaviNa01,OL
DaviRa01,WR
DaviRa03,DL
DaviRa04,RB
DaviRa04,RB
DaviRa04,RB
DaviRa04,RB
DaviRo00,WR
DaviRy00,DE
DaviSe00,FS
DaviSh02,DB
DaviSh02,DB
DaviTa00,OLB
DaviTh20,OLB
DaviTo01,OLB
DaviTr02,LB
DaviTr03,WR
DaviTy01,DT
DaviTy02,TE
DaviTy03,RB
DaviTy05,DL
DaviTy05,DL
DaviVe00,TE
DaviVo99,DB
DaviWi02,CB
DaviWy00,G
DawkDa01,RB
DawkDi00,G
DawkEv00,DT
DawkNo00,LB
DawsDu00,CB
DawsKe99,DE
dawsophi01,K
DawsPa00,OLB
DawsSk00,WR
DayeMa00,RB
DayxSh00,DT
DeabDi00,LB
DeadBr99,DT
DeanJa00,CB
DeanLa00,OLB
DeanNa00,LB
DeayDo01,DB
DeCaDa00,G
DeckEr00,WR
DeckEv00,LS
DeckEv00,LS
DeckTa00,T
DeCoTh99,DB
DecoTr00,CB
DecuAu00,T
DeguJo00,TE
DeitMi00,OL
DeJeCo00,DB
DeJeCo00,DB
DeLaBr00,G
DelaDe00,CB
DelaRy00,DE
DellNa00,WR
DelmLo99,DB
DelpGr00,FS
DeLuBe00,DB
DeLuBe00,DB
DeLuNi00,LB
DembJa00,T
DemeEm00,RB
DemeKe00,LB
DempJe00,RB
DempQu99,DB
DenbTr00,S
DenhAn00,TE
DennAl00,CB
DennDa00,CB
DennJo20,DE-C
DennSi00,LB
DentAk00,MLB
DeOsZa99,OLB
DePaAn00,LS
DerbA.00,TE
DesiPi00,CB
DevaSe00,TE
DeveJa00,RB
DeveJo00,T
DeViMi99,DE
DeViTo00,QB
DextGe00,DL
DiabMo00,LB
DiabYa00,OLB
DialMa00,DB
DialQu00,DE
DickCa00,K
DickDo00,WR
DickEd00,TE
DickGa00,TE
DickLa00,OL
DickMa00,DE
DickMi00,P
DiehDa21,G-T
DietEv00,G
DietGe00,WR
DiggQu00,CB
DiggSt00,WR
DiggTr00,CB
DiLaCh00,T
DileZa99,MLB
DillAJ00,RB
DillAn00,OL
DillBr00,TE
DillK.00,S
DiMaJa00,LB
DiMaPa00,FB
DimuVi00,OLB
DiNuBe00,QB
DionSh00,MLB
DiReJD00,G
DiReJD00,G
DiReJD00,G
DissWi00,TE
DixoAh00,SS
DixoAn00,RB
DixoBr00,CB
DixoBr01,CB
DixoDe01,DE
DixoKe00,RB
DixoRi00,P
DixoTr01,S
DobbDe00,DE
DobbJK00,RB
DobbJo00,QB
DobbTi20,MLB
DobsAa00,WR
DockDa20,DT
DockJa00,DB
DoctJo00,WR
DoddKe00,DE
DodsTy01,OLB
DogbMi00,DL
DomaJo00,OLB
DonaAa00,DT
DonaDy00,DL
DonnAn00,T
DonnLa00,TE
DoraVo00,LB
DoreJo20,C
DorlMa00,CB
DornMy01,DB
DorsGl99,DT
DorsKe01,WR
DorsKh00,DB
DorsPh00,WR
DortGr01,WR
DossKe00,WR
DossLo00,CB
DossTa00,WR
DotsDe00,T
DotsEl00,RB
DotsJa00,WR
DotsKe00,OL
DoubRo00,WR
DougDe00,WR
DougHa00,WR
DougJa00,G
DougRa00,CB
DougRe20,DB
DouzLe00,DT
DowdRi01,RB
DoweAn00,LB
DoweCo00,WR
DowlJo00,FS
DowlRa00,DB
DownDe00,LB
DownJo00,WR
DownJo00,WR
DownJo00,WR
DownJo00,WR
DowtMa00,LB
DoylJa00,TE
DoylTo00,T
DoziDa00,T
DrakKe00,RB
DranSp00,G
DrauSh00,RB
DrayJi00,TE
DreeJo00,TE
DresJu20,C
DrewMa00,RB
DrisJa00,OL
DrisJe00,QB
DrumDy00,WR
DrumKu01,S
DuarTh00,WR
DuboGr00,WR
DuboGr00,WR
DucaVl20,G
DuckSt00,CB
DuckSt00,CB
DucrGr00,CB
DuggKy00,S
DulcGr00,TE
DuliAs00,WR
DumeEl20,DE
DunbJo20,MLB
DunbLa00,RB
DunbQu00,CB
DunbSt00,WR
DuncJa00,OL
DunlCa99,DE
DunlKi20,T
DunnBr00,DT
DunnCa00,C
DunnIs00,DB
DunnMi01,T
DuprAl00,DE
DuprMa01,WR
DuraDe01,DB
DuraJu99,LB
DuraYa01,T
DurdCo00,DT
DurdKe00,CB
DurhKr00,WR
DurhPa00,TE
DuveDe00,WR
DuveLa00,T
DwelRo00,TE
DwumMi00,DT
DwumMi00,DT
DwyeJo00,RB
DyexDo00,WR
DyexTo00,S
DyexTr00,OLB
DzubNi00,OLB
EagaEd00,WR
EalyKo00,DE
EaslDo00,DT
EaslMa00,WR
EasoJa00,QB
EastAn01,LS
EastNi00,C
EberDo01,K
EberDo01,K
EberDo01,K
EberJe00,WR
EbikAr00,DE
EbneNa00,DB
EbneTr00,RB
EbroEr00,TE
EbukSa00,OLB
EchoBr00,CB
EconAn20,C
EddsA.99,LB
EdebKa00,OLB
EdelJu00,WR
EdisCo00,OL
EdmoCh00,RB
EdmuTe00,S
EdmuTr00,RB
EdmuTr01,ILB
EdogCh00,OL
EdwaAr00,QB
EdwaAu00,DE
EdwaBe00,WR
EdwaBr01,WR
EdwaCl00,RB
EdwaDa01,OL
EdwaDw20,DT
EdwaGu00,RB
EdwaLa00,DE
EdwaLa01,P
EdwaMa01,DE
EdwaMi01,CB
EdwaPa00,WR
EdwaTJ02,OLB
EgbuEm00,LB
EgneMi00,TE
EguaSa00,OLB
EhinPa00,G
EhliSa00,QB
EichLi00,T
EichTo00,LB
EifeTy00,TE
EiflMi00,LB
EiseDi00,G
EjioDu00,DE
EkelAu00,RB
EkuaDa00,DL
EkwoIk00,T
ElamKa00,CB
ElamMa00,SS
EldeCo00,CB
EldrJa00,G
ElflPa00,C
EligUk00,OLB
ElleBe00,TE
ElleDa99,MLB
ElleEm00,LB
ElliAl01,TE
ElliAn00,RB
ElliBr00,WR
ElliCh00,LB
ElliDe01,CB
ElliDe02,SS
ElliEz00,RB
ElliJa01,CB
ElliJa02,OLB
ElliJa03,K
ElliJa05,S
ElliJa05,S
ElliJo02,DL
ElliJo03,OLB
ElliJo03,OLB
ElliJu01,DT
ElliKa00,OLB
ElliKe01,DL
ElliRh00,FB
ElstTr01,DB
ElueJe00,G
EmanKy00,OLB
EmerMa00,CB
EmilPr00,DT
EnagKi00,DE
EnemIK00,DE
EnglLa99,DE
EngrEv00,TE
EnunQu00,WR
EpenAJ00,DL
EppsMa00,S
EricAl01,WR
ErnsDo00,TE
ErtzZa00,TE
ErviCa00,T
ErviTy00,RB
EscoGa00,TE
EskrDW00,WR
EstiAu00,RB
EstiAu00,RB
EtheDo00,LB
EtieTr00,RB
EubaDa00,LB
EullKa00,DT
EvanAk00,DB
EvanBo00,OL
EvanCh02,RB
EvanDa02,RB
EvanEt00,P
EvanFr21,DT
EvanJa21,G
EvanJo00,FS
EvanJo01,ILB
EvanJu00,SS
EvanMa00,S
EvanMi00,WR
EvanRa00,CB
EvanRa01,ILB
EvanZa00,RB
EverDe01,CB
EverGe00,TE
EwinBr00,FB
ExumAn00,CB
EzeuJo00,OL
EzukEr00,WR
FaalDa00,T
FabiAn00,OL
FabuTa00,T
FackKy00,OLB
FacyBr00,CB
FairKa01,K
FairNi00,DT
FaleDa00,QB
FalkLu00,QB
FanaPa20,G
FangHe00,DT
FantGe00,T
FantNo00,TE
FantPr00,TE
FantPr00,TE
FaolAu00,DT
FarlCa00,CB
FarlMa00,DB
FarmAn00,OLB
FarmGe02,RB
FarnMa00,G
FarrDi00,C
FarrKe02,RB
FarrLu00,TE
FarrNe00,DE
FarrRo00,DB
FarrRo00,DB
FarwHe20,OLB
FasaAn00,TE
FashOl00,OL
FashOl00,OL
FashOl00,OL
FatiT.00,DE
FatuFo00,DT
FatuOl00,LB
FaurJo00,TE
FautTr00,OT
FautTr00,OT
FautTr00,OT
FeasTa01,RB
FeasTa01,RB
FedeTe00,DE
feelyjay01,K
FeenDa00,G
FehoBr01,NT
FehoSi00,WR
FeilMa00,T
FejeCl00,FS
FeliJo00,G
FellDa00,TE
FellDa01,TE
FeltDe00,RB
FeltJe00,RB
FennCh00,CB
FentRa00,CB
FereJa00,C
FergBl00,LS
FergDB20,T
FergEg00,DT
FergJa00,TE
FergJa02,DE
FergJo02,RB
FergRe00,LS
FernEt00,WR
FerrCl00,EDGE
FfreMa00,WR
FfreMa00,WR
FfreMa00,WR
FfreMa00,WR
FiamTo00,RB
FickSa00,K
FiedC.00,TE
FielBr20,P
FielCa00,LB
FielDa02,DB
FielJu00,QB
FielMa01,CB
FielTo00,LB
FiliBo00,LB
FincSh00,LB
FinlAJ00,S
FinlJe00,TE
FinlRy00,QB
FinnB.01,C
FinnCo20,DB
FirkAn00,TE
FishBl00,T
FishBl00,T
FishBl00,T
FishEr00,T
FishJa00,T
FiskBr00,DE
FiskBr00,DE
FiskTu00,TE
FittKy00,DE
FitzDe00,WR
FitzJo00,TE
FitzLa00,WR
FitzMi00,FS
FitzRy00,QB
FlacJo00,QB
FlanDe00,DB
FlanMa00,TE
FleeCo00,TE
FlemCa00,T
FlemDa00,OLB
FlemJa00,CB
FletBr99,DB
FletDa00,MLB
FletLo20,LB
FlorDr20,DB
FlotCo00,CB
FlowBr99,DB
FlowDa00,CB
FlowEr00,T
FlowMa00,OLB
FlowTr00,DE
FlowTr01,SS
FlowZa00,WR
FloyLe00,OLB
FloyMa00,WR
FloyMi00,WR
FloySh00,DT
FlueAn99,DT
FlueDa00,RB
FlukDJ00,T
FlynMa00,QB
FokoMo99,MLB
FoleNi00,QB
FolkBr00,C
FolkNi20,K
FootLa20,LB
ForbDr00,T
ForbEm00,CB
ForbKa00,K
FordBr00,WR
FordCh00,TE
FordCo00,OL
FordDe00,DE
FordIs00,WR
FordJa01,WR
FordJe00,RB
FordKe00,RB
FordMi00,RB
FordMi01,CB
FordPo00,DT
FordRu00,FS
ForeDO00,RB
ForrDa00,DB
ForrJo00,ILB
ForrMi00,TE
ForsAl00,C
ForsAl00,C
ForsAl00,C
ForsJu00,RB
ForsMa00,DL
ForsSt00,T
FortJo01,TE
FortJo02,WR
FortKh00,OLB
FortL.00,LILB
FortLu01,G
FortMa00,RB
FoskIs00,DE
FostAr00,RB
FostD.01,RB
FostGl00,DE
FostMa00,MLB
FostRa21,G
FostRe00,ILB
FostRo01,WR
FothCo00,TE
FothCo00,TE
FotuLe00,DL
FoucDa00,T
FounDa00,WR
FourLe00,RB
FowlBe00,WR
FowlDa00,OLB
FowlJa00,FB
FoxxDa00,LB
FoxxJa01,P
FoxxJa20,T
FoxxMo00,DL
FoxxTo00,OLB
FrabMi00,LS
FragRe00,T
FramEr99,DB
FranA.00,DL
FranAn01,K
FranAu20,DT
FranDo99,DB
FranFe00,QB
FranJa03,DB
FranJe00,LB
FranJo01,RB
FranJo02,DE
FranJo03,HB
FranJo04,DB
FranOr00,RT
FranRo99,ROLB
FranSa00,OLB
FranTr00,WR
FranTr00,WR
FranZa00,OLB
FrazKa00,FS
FrazMo00,WR
FrazZa00,C
FrazZa00,C
FrazZa00,C
FredTe00,CB
FredTr00,C
FreeBl00,T
FreeDa00,C
FreeDe00,RB
FreeDo20,T
FreeDw00,DE
FreeJe00,ROLB
FreeJo00,QB
FreeJo01,DE
FreeNa00,K
FreeRo00,RB
FreiPa00,TE
FrenWe00,C
FresNo00,LS
FreyIs00,CB
FrieWi00,T
FrohHj00,OL
FromJa00,QB
FrueIs00,WR
FryxEl01,K
FuagTa00,OT
FuagTa00,OT
FuagTa00,OT
FuaxAl00,OLB
FuaxSi00,DL
FulgTr00,WR
FullAa01,WR
FullAa01,WR
FullCo00,WR
FullJo00,T
FullJo01,S
FullKe00,CB
FullKy00,CB
FullKy01,C
FullWi01,WR
FultKr00,CB
FultZa00,G
FumaTr00,TE
FuncDe00,WR
FundTy00,CB
FundTy00,CB
FunkJa00,RB
FuscBr00,C
GabbBl00,QB
GabrTa00,WR
GachAn00,OOLB
GaffRi00,WR
GaffTh20,OLB
GageRu00,WR
GailLa00,OL
GainAm00,LB
GainAm00,LB
GainCh00,CB
GainE.00,CB
GainGr00,DL
GainIn00,S
GainKe00,RB
GainPh00,CB
GaitOm20,MLB
GaleJu00,DE
GaleTi01,DE
GallAn00,C
GallMi00,WR
GallNe00,DL
GallWa00,RB
GalvCo00,OL
GandAn00,WR
GandDy20,G
GanoGr44,K
GarcEl00,DT
GarcJe01,MLB
GarcMa00,C
GarcPi00,WR
GardAn20,T
GardCh00,S
GardDe01,OLB
GardDo00,CB
GardSa00,CB
GarlBe00,OL
GarnJo00,G
GarnMe00,CB
GarnNa20,T
GaroJi00,QB
GarrCh00,OLB
GarrEr00,DB
GarrMy00,DE
GarvJo00,DL
GarvTe00,LILB
GaryRa00,DL
GarySh00,SS
GarzRo20,G-C
GaskKe00,RB
GaskMy00,RB
GastBr00,DT
GateAn00,TE
GateCl00,WR
GateDe00,LB
GateNi00,T
GathRi00,TE
GaulRa00,CB
GausQu00,LB
GayeAl01,OLB
GayJWi00,OLB
GayxJo00,P
GayxMa00,K
GayxWi99,DB
GaziJo01,DE
GeatCl00,SS
GeatCl99,DE
GeatKw00,DT
GeatRo21,DE
GedeBe00,ILB
GeigKa00,WR
GentTa00,WR
GentZa00,TE
GeorAl00,CB
GeorJe01,ILB
GerhGa00,C
GerhTo00,RB
GerrNa00,SS
GervJa00,DB
GesiMi00,TE
GettAd00,G
GheeBr99,DB
GholWi00,DE
GiacBr20,G
GibbJa00,LB
GibbJa01,RB
GibsAn00,RB
GibsBr00,WR
GibsGa99,DT-DE
GibsMi20,T
GibsSh00,WR
GiffLu00,OLB
GilbGa01,QB
GilbJu00,CB
GilbMa00,RT
GilbMa02,CB
GilbRe01,LB
GilbUl00,LB
GilbWa00,DE
GilbZy00,CB
GilcMa00,DB
GileJo01,LB
GilkGa00,G
GillBl00,P
GillCa00,LB
GillCr00,TE
GillCu00,RB
GillGa01,T
GillJa00,P
GillMi00,RB
GillRe00,TE
GillTr01,P
GillTy00,S
GilmAl00,S
GilmSt00,CB
GilmSt01,CB
GinnTe00,WR
GiorMa20,DB
GipsTa00,DB
GipsTr00,DL
GipsXa00,WR
GiveCh00,WR
GiveKe01,DL
GladJe00,CB
GlanAd00,MLB
GlasCh01,G
GlasGr00,G
GlasJo00,LB
GlasRy00,DT
GlauKa00,LB
GlazDe00,OT
GlazDe00,OT
GlazDe00,OT
GlenCo00,T
GlenJa01,DB
GlenMi00,QB
GlovTa00,CB
GlowMa00,G
GodcDa00,DT
GodfCh99,DB
GodwCh00,WR
GodwTe00,WR
GoedDa00,TE
GoedLu00,OL
GoffJa00,QB
GoldBr00,WR
GoldDa99,DB
GoldEd00,DT
GoldMa00,OLB
GoldRo00,S
GoldZa00,G
GollKe00,WR
GolsCh00,DE
GolsKe20,DT
GomeDe00,DB
GoncMa00,T
GoncMa00,T
GoncMa00,T
GonoMa00,T
GonzCh00,CB
GonzTo00,TE
GonzZa00,K
GoodAh00,DE
GoodB.00,OLB
GoodBr99,OLB
GoodC.00,DB
GoodCa00,LB
GoodDe00,CB
GoodDe01,T
GoodJo23,G
GoodJu00,G
GoodJu00,G
GoodJu00,G
GoodMa00,WR
GoodMa01,DE
GoodMa02,CB
GoodMi00,RB
GoodNa00,ILB
GoodSt00,G
GoodTa99,OLB
GoodTy00,RB
GoodTy00,RB
GoodZa00,OLB
GordDi01,G
GordJo01,DB
GordJo02,WR
GordKy00,DB
GordMe00,RB
GordRi00,TE
GoreDe00,RB
GoreFr00,RB
GorrDa00,DB
GossCo00,G
GostSt20,K
GotsAd00,DT
GottBe00,C
GoulAn00,WR
GoulAn00,WR
gouldrob01,K
GowaTa00,DB
GowaTa00,DB-CB
GrabTy00,OT
GrabTy00,OT
GrabTy00,OT
GracJe00,LB
GradBr00,QB
GradGi00,G
GragCh00,TE
grahasha01,K
GrahBr99,DE
GrahCo99,DB
GrahGa00,TE
GrahJa01,TE
GrahJa02,LB
GrahJa02,LB
GrahJi00,TE
GrahRa00,RB
GrahT.00,WR
GrahTa00,DT
GrahTh00,DB
GranCa01,DE
GranCo00,RB
GranCu01,LB
GranDo00,CB
GranJa00,WR
GranJa01,WR
GranKy00,TE
GranLa99,OLB
GranRi00,S
GranRy01,WR
GrasHr00,C
GratDw00,CB
GrayCy00,RB
GrayCy01,WR
GrayDa02,WR
GrayDe01,OL
GrayEr01,RB
GrayJ.00,DB
GrayJo00,RB
GrayMa00,TE
GrayNo00,TE
GrayVi00,DB
GrayVi00,DB
GrecJo20,T
GreeA.00,WR
GreeAa01,RB
GreeAJ00,DB
GreeAl00,RB
GreeAn00,WR
GreeBe00,RB
GreeCh01,CB
GreeCh02,T
GreeCh99,LB
GreeDo00,WR
GreeDr00,OLB
GreeEt00,T
GreeFa00,TE
GreeGe00,EDGE
GreeIs00,CB
GreeJa22,DB
GreeJo03,DB
GreeJo04,DL
GreeJu01,DB
GreeKe02,C
GreeKe03,OL
GreeKh00,OLB
GreeLa00,TE
GreeMi01,DL
GreeRa00,WR
GreeRa01,DT
GreeRa02,S
GreeRe00,CB
GreeRe00,CB
GreeSh00,RB
GreeT.00,FS
GreeTi00,RB
GreeVi00,TE
GreeVi00,TE
GreeVi00,TE
GreeVi00,TE
GreeVi00,TE
GreeVi00,TE
GregRa00,DE
GregSt20,DB
GresCl00,LB
GresJe00,TE
GricMa00,RB
GrieWi00,QB
GrifEv99,DE
GrifGa00,TE
GrifJo01,LB
GrifMi99,DB
GrifNa00,TE
GrifNa00,TE
GrifRo01,QB
GrifRy00,TE
GrifRy01,QB
GrifSh00,DB
GrifSh01,OLB
GrigNi01,LB
GrimBr20,DB
GrimJo01,RB
GrimXa00,TE
GrinDa00,TE
GrisGe00,OLB
GronGl01,FB
GronRo00,TE
GrosJo20,T
GrosYe00,DL
GrovQu99,LB
GroyRy00,G
GrubBe20,G
GrugKa00,OLB
GrupBl00,K
GrymAa00,DB
GuerIs00,RB
GuerIs00,RB
GuerIs00,RB
GuerIs00,RB
GuicDe00,RB
GuidJa01,DB
GuioLe99,DT
GumbJo00,S
GunnHa00,G
GuntJe01,DE
GuntLa00,CB
GuntRo00,DT
GurlTo00,WR
GurlTo01,RB
GuroAn20,G-C
GustPo01,LB
GutiSe00,T
GuytJa01,WR
GuytTy00,OT
GuytTy00,OT
GuytTy00,OT
GuyxLa00,DT
GuyxWi00,DB
GwacOb00,DE
GwynJo00,OL
GwynJo00,OL
GwynJo00,OL
HaacMa00,P
HadeJo99,DB
HadlSp01,LB
HaegJo00,T
HaenJa00,QB
HaenJa00,QB
HaenJa00,QB
HaenJa00,QB
HaenJa00,QB
HaenJa00,QB
HaenJa00,QB
HagaDe00,WR
HagaJa00,S
HagaJa00,S
HageBr00,ILB
HageRa00,DT
HailKa00,CB
HainRo00,T
HairCh00,T
HairNa00,CB
HairTr00,LB
HajrLi00,K
HajrLi00,K
HajrLi00,K
HajrLi00,K
HakiSa00,WR
HalaJo00,G
HaleGr00,CB
HaliTa20,DE
HallBr02,CB
HallBr03,RB
HallCh00,WR
HallDa01,DE
HallDa03,CB
HallDe02,CB
HallDe04,OLB
HallDe99,DB
HallJa00,QB
HallKe01,CB
HallLe98,DB
HallLo00,DE
HallMa02,WR
HallNa01,LB
HallP.00,DT
HallRa02,WR
HallTe01,LB
HallTy01,DB
HalxAn00,CB
HambAr00,T
HamiAn01,CB
HamiCo00,WR
HamiDa01,WR
HamiDa02,DL
HamiDe00,T
HamiJa00,S
HamiJu00,DT
HamiKy00,S
HamiLa01,LB
HamiLa01,LB
HamiWo00,DL
HamlCo01,TE
HamlDa00,S
HamlKJ00,WR
HammFr00,WR
HammJe01,TE
HammJo00,WR
HammJo00,WR
HampNi00,OLB
HampSa00,S
HamxC.00,RB
HancBl00,T
HandDa00,DE
HandHa00,CB
HangGe20,C
HankJo00,DT
HankLe00,WR
HannJa00,TE
HansCh00,WR
HansCh02,LB
HansJa00,C
HansJa01,LB
HansRu00,RB
HaraPa20,DE
HarbCl00,TE
HardDa01,LB
HardGr99,DE
HardJa01,RB
HardJa01,RB
HardJa01,RB
HardJa01,RB
HardJu00,WR
HardJu01,WR
HardMe00,WR
HardNi55,C
HargJa00,DT
HargVe00,CB
HarkCo00,TE
HarlSe00,G
HarmDu00,FS
HarmKe00,WR
HaroEl00,OLB
HarpCh00,WR
HarpCh01,WR
HarpDe00,LB
HarpMa00,DB
HarpRo21,DB
HarrAl00,RB
HarrAn00,T
HarrAn01,DB
HarrBr00,DB
HarrBr01,T
HarrCh01,CB
HarrCh03,DE
HarrCh06,LB
HarrCl20,TE
HarrDa03,DT
HarrDa05,CB
HarrDa06,RB
HarrDa07,LB
HarrDa99,LB
HarrDe03,TE
HarrDe04,DB
HarrDe05,OL
HarrDe06,DE
HarrDe07,WR
HarrDe09,WR
HarrDe10,LB
HarrDu01,RB
HarrDw00,WR
HarrEr00,DB
HarrJa03,TE
HarrJa04,DL
HarrJa05,OLB
HarrJa05,OLB
HarrJa23,ROLB
HarrJe02,CB
HarrJo02,LS
HarrJo03,C
HarrJo04,RB
HarrJo05,DE
HarrKe01,RB
HarrLe21,C
HarrMa03,S
HarrMa05,WR
HarrMa06,OLB
HarrMa09,WR
HarrMa09,WR
HarrMa09,WR
HarrMi00,CB
HarrMi01,T
HarrNa00,RB
HarrNi00,OLB
HarrNi01,OL
HarrNK00,WR
HarrRo02,SS
HarrRy20,T
HarrSh00,DE
HarrTi01,CB
HarrTr01,DL
HarrWi02,S
HarrZa00,DL
HartBe00,TE
HartBo00,G
HartBr00,WR
HartCa00,CB
HartCa00,CB
HartDe01,LS
HartGa00,K
HartMo01,CB
HartMy00,DB
HartPe01,WR
HartTa00,DE
HartTr00,DB
HarvJo01,SS
HarvMa00,LB
HarvPe00,WR
HarvPr00,P
HarvWi00,LB
HaskDw00,QB
HaskHa00,RB
HassJ.00,C
HassJT00,DB
HassMa00,QB
HastJa02,RB
HatcJa20,DE
HatcKe00,WR
HatfDo00,CB
HatlRi00,DT
HattHo00,LS
HattHo00,LS
HausSt00,K
HaveRo00,T
HaviSt00,RB
HavrLu00,K
HawkA.20,LB
HawkAn00,WR
HawkDo01,G
HawkJa00,S
HawkJe00,T
HawkJo00,CB
HawkLa00,WR
HawkTa00,T
HawkTa01,S
HawkTa01,S
HawkTr00,CB
HawlJo20,G
HawtDa20,MLB
HaybMa00,P
HaybMa00,P
HaydDJ00,CB
HaydNi99,DT
HayeDa00,OLB
HayeGe98,OLB
HayeJo01,DB
HayeTa00,DB
HayeWi99,DE
HaynCh00,OG
HaynCh00,OG
HaynCh00,OG
HaynJa00,RB
HaynMa01,OLB
HaynPh00,OL
HaywAd98,MLB
HaywCa00,DB
HazeMa01,WR
HazePa00,LB
HearTa00,G
HeatJe00,S
HeatJo00,DE
HeatMa00,WR
HeatT.00,CB
HeckCh00,OL
HectBr00,DT
HedlLo00,P
HeenBe00,ILB
HeflJa00,DT
HeinTa00,QB
HekkJo00,P
HelfCo00,TE
HellDe00,S
HelmDa01,TE
HeluRo00,RB
HemiJu00,WR
HemiTe00,TE
HendA.00,S
HendCJ00,CB
HendDa00,RB
HendDe01,RB
HendEr99,MLB
HendPe01,TE
HendQu00,WR
HendSe00,T
HendTr00,DE
HendTr01,S
HeneAl00,K
HenlDa00,LB
HennCh01,QB
HennMa00,OL
HennMa01,DE
HennTh00,LS
HenrDe00,RB
HenrHu00,TE
HenrKJ00,DE
HenrMa02,C
HenrMi00,TE
HenrWi00,DT
HentHa00,TE
HerbJu00,QB
HerbKh00,RB
HerbNa01,G
HerbNi00,LB
HermGr00,G
HermGr00,G
HermGr00,G
HernCh00,TE
HernJa00,WR
HernTr00,CB
HernWi00,G
HerrAm00,ILB
HerrDa00,RB
HerrFr00,DL
HerrJu00,OL
HerrMa02,DL
HerrRo00,WR
HerrTo20,T
HerrWi99,OLB
HerzMa00,MLB
HeslGa00,CB
HeslGa00,CB
HessPa00,TE
HestDe99,PR-WR
HestTr00,DT
HeueJe00,TE
HewiNe00,OLB
HewiRy00,FB
HeywCa01,DT
HeywCo00,TE
HeywDa00,WR
HickAk00,DE
HickEl00,S
HickFa00,CB
HickJa01,DB
HickJa01,DB
HickJo00,OLB
HickRo00,S
HigbTy00,TE
HiggEl00,TE
HiggRa00,WR
HiggTe00,WR
HighAl02,DL
HighDo01,ILB
HighJo00,WR
HighTi00,RB
HikuCo00,TE
HillB.00,DT
HillBr01,RB
HillBr02,RB
HillBr03,S
HillCo21,T
HillDa02,CB
HillDa04,DB
HillDe02,FS
HillDo00,RB
HillHo00,CB
HillJa01,CB
HillJe01,RB
HillJo01,DT
HillJo02,TE
HillJo03,RB
HillJu00,RB
HillJu01,LB
HillJu01,LB
HillJu02,TE
HillKJ00,WR
HillKy00,RB
HillMi00,RB
HillPe00,RB
HillRa01,T
HillRo00,RB
HillSa99,DT
HillSh00,QB
HillSt00,WR
HillTa00,QB
HillTo21,T
HillTr00,DL
HillTr01,CB
HillTr03,C
HillTy00,WR
HillWe00,RB
HillWi01,S
HiltMi01,CB
HiltT.00,WR
HineDJ00,LB
HineNy00,RB
HiniKu00,DT
HintCh01,DT
HintKe00,WR
HintKy00,G
HitcAn00,OLB
HixoDo00,WR
HobbNa00,CB
HockTJ00,TE
HockZa00,K
HodgCo00,OL
HodgCo00,OL
HodgCo00,OL
HodgDa01,DE
HodgDe00,QB
HodgGe00,OLB
HodgIs00,WR
HodgKh00,WR
HodgTr00,DB
HoecMi00,DT
HoffBr00,C
HofrSt00,P
HogaCh00,WR
HogaKe00,QB
HogaKr00,WR
HolaGe00,RB
HolaGe00,RB
HolbCo00,LS
HolcCo00,OLB
HoldAl01,CB
HoldWi00,T
HollAl00,WR
HollCo00,WR
HollDe01,OLB
HollJa03,TE
HollJe01,DE
HollJe02,S
HollJu00,EDGE
HollKa00,CB
HollMa00,WR
HollNa00,DB
HollTr00,WR
HolmAn00,WR
HolmCh00,CB
HolmDa01,CB
HolmGa00,TE
HolmJa01,DE
HolmKh00,C
HolmLa00,T
HolmSa00,WR
HolmTy01,OLB
HolsJo01,CB
HoltJ.01,TE
HoltJo00,WR
HolyEl00,RB
HomeTr00,RB
HoodEl00,RB
HoodEv99,DT
HookAm00,S
HookMa00,FS
HoomMi00,TE
HoopAu00,TE
HopkBr01,TE
HopkDe00,WR
HopkDu00,K
HopkTr01,G
HoppTy00,LB
HornJa00,CB
HornTi00,DT
HorsJe00,WR
HortDy00,DE
HortMi00,G
HortMi00,G
HortMi00,G
HortWe00,DE
HorvZa00,RB
HoskHa00,TE
HoskPh00,DT
HoslJa00,CB
HousCh99,DB
HousDa00,DB
HousDe00,FS
HousDe01,WR
HousJa00,DB
HousJa01,LB
HousJu00,LOLB
HousLa99,DT
HousRo01,TE
HowaAu20,T
HowaJa00,DT
HowaJo00,RB
HowaO.00,TE
HowaTh20,LB
HowaTr00,OLB
HowaTr02,DB
HowaTy00,T
HowaXa00,CB
HowdJo00,DB
HoweDe00,DB
HoweGr00,RB
HoweSa00,QB
HowsJu00,FB
HoyeBr00,QB
HoyeBr01,DT
HubbCh00,G
HubbCh01,RB
HubbSa00,DE
HubeKe20,P
HudsJa00,T
HudsKh00,OLB
HudsRo00,C
HudsTa00,TE
HudsTo00,TE
HufaTa00,S
HuffBr00,DE
HuffJo00,WR
HuffMa00,FS
HuffMi20,DB
HuggAl01,DL
HughBr99,DB
HughCh01,LS
HughJe99,DE
HughJo00,DT
HughJu00,DB
HughMi00,CB
HughMo00,DT
HughRo00,RB
HullEv00,RB
HullJo99,LB
HullMi01,LB
HumbRa00,MLB
HummJa00,LB
HumpAd00,WR
HumpCr00,OL
HumpD.00,T
HumpLi01,WR
HumpMa00,CB
HundBr00,QB
HuntAk01,RB
HuntCa02,RB
HuntDa01,DE
HuntJa01,RB
HuntJa02,OLB
HuntJa02,OLB
HuntJa24,DE
HuntJo00,C
HuntJu00,WR
HuntKa00,RB
HuntKe00,RB
HuntMa00,DE
HuntMi00,CB
HuntPh00,LB
HuntRo01,OL
HuntRy00,T
HuntTy01,QB
HurnAl01,WR
HursDe00,CB
HursHa00,TE
HursJa00,T
HursMa00,DT
HurtJa00,QB
HutcAi00,DE
HutcXa00,WR
HyatJa00,WR
HydeCa00,RB
HydeKe01,DT
HydeMi00,S
HymaIs00,WR
HynoHe01,FB
IbraMo00,RB
IdonIs20,DT
IfedGe00,T
IgbiNo00,CB
IgweGo00,RB
IhedJa00,DB
IhenDu00,S
IjalBe00,OL
IkarGa00,C
IkaxSi00,DT
IkaxSi00,DT
IkaxSi00,DT
IlokGe00,FS
IncoRi20,G
IncoTh00,OLB
IngoAl01,FB
IngrEd00,G
IngrJa00,CB
IngrKe01,RB
IngrMa01,RB
IngrMe00,DE
InmaDo00,WR
IoanMa01,DT
IoseJo00,FB
IosiAn00,WR
IrviBr00,DE
IrviBu00,RB
IrviBu00,RB
IrviBu00,RB
IrviBu00,RB
IrviCo99,DT
IrviDa00,DE
IrviIs00,OLB
IrviNa00,MLB
IrwiTr00,WR
IsaaKe00,CB
IsabAn00,WR
IshmKe00,DB
IsidDa00,G
IsmaKe00,OL
IupaMi20,G
IveyDJ00,CB
IvieJo00,DT
IvorCh00,RB
IworPr00,CB
IyieJo00,OLB
IzieCh00,S
IzzoRy00,TE
JackAd00,CB
JackAl01,T
JackAn02,ILB
JackAs00,CB
JackAu00,OL
JackBe00,CB
JackBr04,DE
JackCh01,S
JackDa01,RB
JackDa02,CB
JackDe00,WR
JackDe02,RB
JackDM00,LB
JackDo01,RB
JackDo02,CB
JackDQ20,LB
JackDr01,OLB
JackEd00,LB
JackEd01,SS
JackFr02,RB
JackGa00,G
JackJ.00,DB
JackJh00,WR
JackJh00,WR
JackJo01,CB
JackJo02,EDGE
JackJo03,OL
JackJo06,DL
JackJo06,DL
JackJu01,RB
JackKa99,DB
JackKe02,WR
JackLa00,QB
JackLa02,DB
JackLu00,WR
JackLu00,WR
JackMa02,DT
JackMa04,S
JackMi01,CB
JackMy00,OLB
JackRo00,CB
JackRo99,DE
JackSh01,WR
JackSt00,RB
JackSt01,LB
JackTa00,QB
JackTa02,DE
JackTh00,DB
JackTr00,G
JackTr02,WR
JackTy01,TE
JackTy98,DE
JackVi00,WR
JackWi02,CB
JacoBe00,OLB
JacoBr00,RB
JacoJe00,CB
JacoJo01,RB
JacoLe00,OLB
JacoNi00,TE
JacoTr00,DB
JacqMi00,DB
JadeNe00,DT
JaimBr00,OL
JameAn01,OL
JameCh00,CB
JameCo00,OLB
JameCr01,CB
JameDe00,SS
JameJa01,T
JameJe00,TE
JameLa00,RB
JameMi00,RB
JameNa00,FS
JameRi00,WR
JameRo99,LB
JamiDS00,CB
JamiTi99,DE
JammQu20,DB
JaniJe00,WR
janikseb01,K
JanoAn00,FB
JansJ.00,C
JarrGr00,DT
JarrJa00,DB
JarrKy00,SS
JarrRa00,WR
JarrTy00,DT
JarvRi00,LB
JarwBl00,TE
JeanJa00,DE
JeanJa00,DE
JeanLe00,"G,C"
JeanLe01,WR
JeanRi99,DT
JeanSh00,CB
JeanSt00,CB
JeffA.00,DB
JeffAl00,WR
JeffD.00,TE
JeffJa00,DE
JeffJe00,RB
JeffJe00,RB
JeffJe00,RB
JeffJu00,WR
JeffMa00,OLB
JeffQu00,DT
JeffTo00,FS
JeffVa00,WR
JeffWi00,LB
JenkA.00,WR
JenkBr00,OLB
JenkCu20,DT
JenkEJ00,TE
JenkEJ00,TE
JenkEl00,OL
JenkGr00,WR
JenkJa01,DL
JenkJa03,CB
JenkJe00,OLB
JenkJo00,DT
JenkJo01,OLB
JenkMa99,DB
JenkMi99,DB
JenkRa00,FS
JenkTe00,T
JennAn00,LB
JennDa00,WR
JennGa00,WR
JennGr00,WR
JennJa00,WR
JennM.00,S
JennRa00,RB
JennTi20,DB
JensMa01,TE
JensNa00,G
JensRy00,T
JernJe00,WR
JernTi00,DT
JeroLo00,DB
JeroTo00,DT
JerrJo20,G
JerrPe99,DT
JeteDo00,NT
JeudJe00,WR
JeweJo00,ILB
JobeJo00,DB
JoecLu00,T
JohnAl01,LB
JohnAn02,WR
JohnAn03,DT
JohnAn04,DL
JohnAn07,S
JohnAn08,S
JohnAu00,LB
JohnAu01,DT
JohnBr05,K
JohnBr05,K
JohnBr05,K
JohnBr23,WR
JohnBu01,LB
JohnCa00,WR
JohnCa01,DE
JohnCa02,P
JohnCa03,WR
JohnCa04,LB
JohnCh04,RB
JohnCh08,WR
JohnCh23,T
JohnCh98,DE
JohnCl00,LB
JohnCo01,WR
JohnDa04,WR
JohnDa05,TE
JohnDa06,WR
JohnDa08,RB
JohnDa09,CB
JohnDa10,DE
JohnDe02,RB
JohnDE04,RB
JohnDe08,DE
JohnDe25,ILB-LOLB
JohnDi01,WR
JohnDJ00,OLB
JohnDo02,FS
JohnDu00,RB
JohnEr01,DT
JohnFr01,G
JohnGe00,DE
JohnIs00,S
JohnIs01,DB
JohnIs02,CB
JohnJa04,ILB
JohnJa09,DT
JohnJa11,CB
JohnJa12,FB
JohnJa13,CB
JohnJa15,DB
JohnJa15,DB
JohnJa23,DE
JohnJe02,DB
JohnJe07,LB
JohnJo05,QB
JohnJo06,RB
JohnJo06,RB
JohnJo07,CB
JohnJo10,S
JohnJo12,WR
JohnJu02,WR
JohnKa01,WR
JohnKa01,WR
JohnKa01,WR
JohnKa02,G
JohnKe03,SS
JohnKe04,CB
JohnKe06,RB
JohnKe07,WR
JohnKy02,LB
JohnLa01,T
JohnLe03,CB
JohnLo01,CB
JohnLy00,DL
JohnMa06,FB
JohnMa07,WR
JohnMi98,DE
JohnNa01,S
JohnNi00,ILB
JohnOl00,WR
JohnPa02,LB
JohnPa03,OL
JohnQu00,RB
JohnQu01,DB
JohnQu02,WR
JohnRa01,OLB
JohnRa02,DE
JohnRa98,DB
JohnRi02,G
JohnRo06,T
JohnRo07,RB
JohnRu02,DE
JohnSh00,S
JohnSt00,WR
JohnSt02,MLB
JohnSt03,RB
JohnTa01,CB
JohnTh00,TE
JohnTh00,TE
JohnTJ00,C
JohnTo01,DT
JohnTo02,DT
JohnTr05,CB
JohnTr07,LB
JohnTy00,WR
JohnTy02,RB
JohnTy03,WR
JohnUl00,T
JohnWe00,T
JohnWi00,FB
JohnZa00,G
JohnZi00,G
JollJo20,DT
JollSh00,CB
JonaKi00,DE
JoneAa00,RB
JoneAb00,DT
JoneAn01,WR
JoneAn02,DE
JoneAr22,DT
JoneBa00,C
JoneBe01,C
JoneBe03,DT
JoneBr04,C
JoneBr06,S
JoneBr08,OL
JoneBr09,T
JoneBr99,LB
JoneBy00,CB
JoneCa01,QB
JoneCa03,T
JoneCa04,LB
JoneCh02,P
JoneCh03,DE
JoneCh04,DT
JoneCh05,ILB
JoneCh06,CB
JoneCh09,DT
JoneCh10,TE
JoneCh11,WR
JoneCo01,DB
JoneCy00,CB
JoneD.01,DT
JoneDa03,DE
JoneDa04,DT
JoneDa05,QB
JoneDa07,T
JoneDe01,OLB
JoneDe02,CB
JoneDo01,TE
JoneDo02,SS
JoneDo21,P
JoneDr00,DL
JoneEd22,DE
JoneEr01,LB
JoneFe00,RB
JoneGr01,RB
JoneHa02,DB
JoneHo01,LB
JoneJa03,WR
JoneJa04,WR
JoneJa05,OLB
JoneJa08,T
JoneJa09,T
JoneJa10,DB
JoneJa11,OLB
JoneJa12,DB
JoneJa13,CB
JoneJa14,CB
JoneJa14,CB
JoneJa99,DT
JoneJJ00,WR
JoneJo03,CB
JoneJo05,OLB
JoneJo06,S
JoneJo07,OL
JoneJu02,WR
JoneJu03,DT
JoneKe03,LB
JoneKo00,DE
JoneLa02,QB
JoneMa02,WR
JoneMa04,RB
JoneMa05,QB
JoneMa06,CB
JoneMa07,DT
JoneNa00,DT
JoneNa01,NT
JoneNi00,CB
JonePa00,DE
JonePa20,DB
JoneRe99,DB
JoneRo01,RB
JoneRo02,G
JoneSa00,G
JoneSe01,WR
JoneSi00,CB
JoneT.00,WR
JoneTa00,RB
JoneTa01,ILB
JoneTe01,T
JoneTe02,WR
JoneTi00,WR
JoneTo04,RB
JoneTr00,DT
JoneVe00,WR
JoneVi00,LB
JoneXa00,RB
JoneZa00,WR
JordAk99,LILB
JordBr00,TE
JordCa00,DE
JordDi00,DE
JordMi00,DB
JordMi01,OL
JoseBr00,S
JoseDa20,G
JoseGr00,K
JoseJo20,DB
JoseKa00,SS
JoseKe02,DB
JoseKe03,DB
JoseLi99,DT
JoseMi00,CB
JoseSe00,DT
JoynLa00,CB
JudoMa00,DE
JuniGr00,CB
JurgCa01,OL
JuriLu00,C
JustWi20,T
JuszKy00,FB
KaddJo00,LB
KaepCo00,QB
KainJo00,DE
KalaPe00,LB
KaliKy00,G
KaliMa00,T
KaliNi00,TE
KaliRy20,C
KaluJo00,CB
KamaAl00,RB
KamaAz01,LB
KamaSa00,DT
KamaUf00,DE
KampHu00,TE
KancCa00,DL
KaneSa00,S
KaneSa00,S
KareKh00,DL
KariDe00,RB
KarlGe00,DE
KarrTe00,G
KartJo00,K
KartJo00,K
KartJo00,K
KasaNi00,TE
KaseDr00,P
KaskMa00,T
KaufBr01,DE
KazeDa00,CB
KearFr00,DT
KearJa00,SS
KearJe01,WR
KeenCa00,QB
KeenDa00,TE
KeetBr00,CB
KehlBr99,MLB
KeisBr20,DE
KeisTh00,DE
KeizNi00,TE
KekeKi00,DL
KelcJa00,C
KelcTr00,TE
KeleSe00,T
KellCh00,QB
KellDe00,T
KellDe01,T
KellJo00,RB
KellJo01,RB
KellKa02,CB
KellRo00,RB
KellRy00,C
KellTo21,DE-DT
KempMa00,WR
KendAn00,CB
KendDe00,DB
KendEr00,ILB
KendLa00,TE
KendMy00,ILB
KennDe00,OLB
KennTo01,WR
KeoxSh00,DB
KeriZa00,C
KerlJe00,WR
KernBr20,P
KerrJo00,FB
KerrRy00,LOLB
KerrZa00,NT
KessAl00,K
KessAl00,K
KessCo00,QB
KeyeJo00,LB
KeyeTh00,CB
KeyxAr00,DE
KeyxDe00,DB
KeyxDe00,DB
KiddLe00,OL
KidsDa00,WR
KiefKo00,TE
KikaHa00,OLB
KilgDa00,G
KilgDa01,DT
KillAd00,RB
KillMi00,SS
KincDa00,TE
KincKa00,DB
KincKa00,DB
KindDe00,SS
KindSo00,OL
KingAk00,DB
KingBr02,DB
KingDa00,DE
KingDe00,LB
KingDe01,FS
KingKe01,CB
KingMa00,P
KingTa00,WR
KinlJa00,DL
KinnDa00,T
KinsMa00,WR
KirkCh00,OLB
KirkCh01,WR
KirkDe00,G
KirkDr00,CB
KirkKe00,WR
KirkLu00,S
KirkLu00,S
KiseMi00,ILB
KitcIs00,NT
KittGe00,TE
KiwaMa20,DE
KizeDe00,QB
KleiAJ00,ILB
KleiEl00,OG
KleiEl00,OG
KleiEl00,OG
KlinJo01,OL
KlugKa00,DL
KmetCo00,TE
KneeMa00,DE
KneeMa00,DE
KnigBr01,OL
KnigQw00,CB
KnigTe99,DT
KnigTy00,LB
KnigTy00,LB
KnigZo00,RB
KnotJa00,LB
KnoxDa00,TE
KnoxKy00,LB
KochSa20,P
KoehMa00,K
koenemic01,P
KohoKa00,CB
KolaCh00,TE
KoloJe00,G
KongJo00,DE
KonzPe00,C
KoonMa00,LB
KooxYo00,K
KoskJJ00,WR
KoskJJ00,WR
KouaAr00,G
KouaCy00,T
KovaJo00,S
KoyaBe00,TE
KpasTa00,DE
KraeTo02,G
KrafTu00,TE
KramDo00,OL
KrauJo00,WR
KreiCa00,LS
KrieHe00,TE
KrofTy00,TE
KrugPa99,DE
KrulLu00,TE
KuecLu00,ILB
KuhnJo00,FB
KuhnMa00,DT
KumeJa00,WR
KunaJo00,LB
KuntCh02,OLB
KuntZa00,TE
KuntZa00,TE
KupeCh20,G
KuppCo00,WR
KushEr00,C
KwenWi00,LB
KwiaNi00,ILB
LaceDe00,OLB
LaCoMa00,TE
LacyCh00,WR
LacyEd00,RB
LacyTy00,DE
LadlKe00,FS
LadoL.20,LS
LaFeBr00,WR
LairPa00,RB
LakeQu00,DB
LaloNi00,DE
LambCe00,WR
LambDa01,DE
LambJo00,K
LambKe00,S
LammCh00,DB
LammKe00,T
LampCa00,DB
LampCa00,DB
LampFo00,G
LampJa00,WR
LamuEm00,OLB
LancTr00,QB
LancTy00,DL
LandCh00,LB
LandDa21,DB
LandDe99,DT
LandHa00,OLB
LandIs00,LB
LandJa00,WR
LandLa99,DB
LandNa01,LB
LaneAu99,DE
LaneJe00,CB
LaneJo00,FB
LangBr00,CB
LangHa00,ILB
LangJe00,RB
LangKe98,DE
LangT.20,G-T
LaniAn00,DE
LankEl99,DB
LannSp00,P
LansDa00,MLB
LaPoSa01,TE
LarkAu00,DE
LarsSp99,FB-OLB
LarsTe20,C
LarsTy00,C
LascDa00,RB
LasiPa00,FB
LassKa00,CB
LassKa00,CB
LassKw00,WR
LathDa01,DT
LathJC00,OT
LathJC00,OT
LathJC00,OT
LatiCo00,WR
LattCe00,DT
LattCe00,DT
LattCe00,DT
LattDe01,LB
LattJa00,MLB
LattMa01,CB
LatuLa00,DE
LatuLa00,DE
LaulJo00,DT
LaulKy00,QB
LaurJa99,LB
LauvSh20,G
LawlJu00,DE
LawrCa01,LB
LawrDe00,DE
LawrDe02,DL
LawrDe03,DL
LawrRa01,DL
LawrTr00,QB
LawsCa00,DE
LawsMa20,DE
LawsNe00,CB
LawsSh00,DE
LawxCo00,DE
LaynJu00,CB
LaynRa00,S
LazaAl00,WR
LeacMi00,LS-TE
LeacVo00,RB
LeakJa01,RB
LealDe00,DT
LearRo00,G
LeatAl00,T
LeavDa00,S
LeBlCr01,DB
LechSh20,P
LeCoRi00,S
LedbJe00,DT
LedbJo01,DE
LeexAn20,P
LeexCa01,G
LeexDa00,OLB
LeexEl00,OLB
LeexEr00,LB
LeexKh00,TE
LeexMa00,WR
LeexMa01,ILB
LeexMa02,C
LeexMa02,C
LeexMa02,C
LeexRi00,T
LeexSe99,MLB
LefeJo00,DB
LegeXa00,WR
LegeXa00,WR
LegeXa00,WR
LegeXa00,WR
LeggJo00,TE
LeglJo00,LG-OL
LeglJo00,G
LeglJo00,LG-OL
LeglJo00,LG-OL
LeguDo00,C
LeliTi00,G
LemiSh00,OL
LemoCo00,OLB
LemoJe00,DE
LemoOr00,LB
LengMa00,TE
LenoCh00,LT
LenoDe00,DB
LenoLa00,WR
LenoPa20,MLB
LeonBr00,RB
LeonBr01,TE
LeonDa00,OLB
LeonDe00,DB
LeonJi23,DB
LeonRi00,T
LeotEk00,OLB
LeRiJo00,G
LeshMi00,RB
LeslJo00,WR
LestRo01,S
LeveNi00,G
LeviAn00,S
LeviAn20,G
LeviCo00,OL
LeviWi00,QB
LevyDe99,MLB
LewaTa00,T
LewiAl01,T
LewiCa00,DB
LewiCh01,CB
LewiDa05,OL
LewiDe02,WR
LewiDi00,RB
LewiJo01,CB
LewiKa00,DE
LewiKe00,DB
LewiKe96,DB
LewiLa00,WR
LewiLa01,LB
LewiLe01,CB
LewiMa00,TE
LewiPa00,C
LewiRo03,WR
LewiRy01,CB
LewiTe00,LB
LewiTh01,QB
LewiTo00,WR
LewiTr00,OLB
LewiTy00,DE
LichKo20,C
LiedMi00,OL
LighAl00,T
LikeIs00,TE
LimmBe00,OL
LimmBe00,OL
LimmBe00,OL
LindBr00,G
LindCh00,G
linderia01,K
LindPh00,RB
LindRy00,QB
LindTy00,OL
LineZa01,FB
LinkJe20,T
LinsCo00,C
LippTo00,WR
LissSe99,DE
LittCa00,K
LittCa00,K
LittCa00,K
LittCo01,LB
LittGr00,WR
LittGr01,OL
LittWa00,T
LiufMa00,LB
LiufMa00,LB
LiugCo00,DT
LloyBr00,WR
LloyDe00,LB
LloyMa00,RB
LloyMa00,RB
LoadPh20,T
LockDr00,QB
LockJa00,QB
LockJe00,P
LockPJ00,DB
LockRi00,WR
LockTy00,WR
LoefCu20,C
LoewMi00,DE
LoftCu99,LB
LogaBe00,DT
LogaT.00,RB
LondDr00,WR
LondLa00,DT
LongCh99,DE
LongDa02,CB
LongDa04,OLB
LongHu00,TE
LongJa20,T
LongJe00,DT
LongKy00,T
LongMa00,DE
LongSp00,G
LongSt00,LB
LongTy00,P
LoonJa00,DE
LoonJo01,G
LopeRo00,DT
LoriEr99,DE
LostCr00,SS
LotuJo00,OLB
LotuSt00,DT
LoudIs00,DE
LouiAl00,CB
LouiLa00,LB
LouiLa20,G
LouiRi00,WR
LovaRi00,LS
LoveJo02,TE
LoveJo03,QB
LoveJu00,S
LoveKy00,DT
LoveMi00,DE
LoweDw99,DB
LoweVe00,OL
LowrDe00,DE
LuanSh00,SS
LucaAb00,OL
LucaCh01,DB
LucaCo01,T
LucaJo00,SS
LuciCo00,OL
LuckAn00,QB
LuepHu00,RB
LukeCo00,CB
LukeJe00,LB
LumpRi00,DT
LundBr00,C
LuteDa00,CB
LutoJa00,QB
LutzWi00,K
LuvuFr00,OLB
LyncAa00,DE
LyncBl00,LB
LyncCa00,OLB
LyncCo99,DB
LyncJa00,DL
LyncMa00,RB
LyncPa00,QB
MabiDy00,DB
MabiGr00,CB
MabrTy00,TE
MackAl20,C
MackAu01,WR
MackDa00,DL
MackEl20,CB
MackIs00,DT
MackKh00,OLB
MackLe01,LB
MackLe01,LB
MackMa00,RB
MaclJe00,WR
MaddAv00,CB
MaddTr01,RB
MaddTy00,LB
MaddTy00,LB
MaduJu00,DL
MadyLa00,G
MaehJe00,WR
MafeBo00,DE
MafiAt00,OL
MageBr00,OLB
MageCr00,CB
MageTe00,RB
MaggCu00,LB
MagnEr00,T
MaheBr01,K
MahoBr00,G
MahoPa00,QB
MaiaKa99,OLB
MailJo00,T
MallRy00,QB
MallRy02,TE
MallWi00,TE
MaloDe00,DE
MaloJo00,WR
MaloRo00,P
MaluCa00,LB
MalvCa00,DE
MancGr00,C
ManeSt00,T
MangNi20,C
ManhCh00,TE
MankLo20,G
MannBr01,P
MannDa21,DB
MannEl00,QB
MannMa01,WR
MannPa20,LS
MannPe00,QB
MannSe00,QB
MannTe00,OLB
ManuEJ00,QB
ManzJo00,QB
MapoSt00,DE
MapuMa00,LB
MaraCh99,DB
MarcJu00,RILB
MariMa00,WR
MariMa01,QB
MarkSe99,DT
MarlDe00,S
MarpAl00,G
MarqBr00,WR
MarsBr00,WR
MarsBr01,OLB
MarsBy01,RB
MarsCa00,DE
MarsCu01,DB
MarsIm00,CB
MarsJa01,WR
MarsJo00,DT
MarsNi00,CB
MarsRi20,DB
MarsTe00,WR
MarsTr00,S
MartBl01,ILB
MartBr00,DL
MartDe22,DB
MartDo00,RB
MartEr02,LB
MartFr00,WR
MartGa00,LB
MartJa02,OLB
MartJa04,DB
MartJo01,T
MartJo02,OLB
MartKa00,DE
MartKa01,LB
MartKe01,WR
MartKo00,G
MartMa01,C
MartMi01,DT
MartNi00,C
MartRo01,S
MartSa01,P
MartSh99,DB
MartTa00,WR
MartVa99,DT
MartWe00,G
MartZa00,G
MarzTy01,T
MasiMa00,DT
MasoBe00,FB
MasoBe00,FB
MasoJo00,RB
MasoSh01,G
MasoTr00,RB
MassBo00,T
MassJo00,DE
MastJe20,TE
MastLu00,LB
MastTi99,P
MataHe00,DE
MataTy00,ILB
MathDa00,DB
MathDe00,LB
MathEv20,G
MathOc00,OLB
MathPh00,DT
MathRa99,DB
MathRi99,DT
MathRo20,DE
MathRy00,RB
MathTy00,CB
MatiRo00,LS
MatlSc00,DL
MattAl01,RB
MattCa00,MLB
MattCh00,WR
MattCh01,DB
MattCl01,DL
MattCl99,ROLB
MattJa00,T
MattJo00,WR
MattRi00,WR
MauaRe99,LB
MaucCo00,G
MaugJo00,LILB
MaugKa00,LB
MaulAr00,CB
MaulLo00,OLB
MaurJo00,DE
MautMi00,OLB
MaxeJo00,DE
MaxwBy00,DB
MaydJa01,DB
MayeMa00,FS
MayeMi00,TE
MayfBa00,QB
MayfJa00,OL
MaylVi00,WR
MayoBe00,DE
MayoDa00,ILB
MayoJe99,LB
MaysCa00,OL
MaysDe00,RB
MaysJo99,MLB
MaysTa99,DB
MazzCo01,LS
MbuxJo01,NT
McAfPa44,P
McAlTy00,WR
McAlTy00,WR
McAlTy00,WR
McBrMa20,P
McBrTr00,WR
McBrTr01,TE
McBrTr99,DB
McCaA.00,QB
McCaBo01,CB
McCaBr01,DB
McCaBr99,DB
McCaCh00,LB
McCaCh01,RB
McCaCo00,MLB
McCaLu00,WR
McCaLu00,WR
McCaMa00,T
McCaMa01,WR
McCaMa02,CB
McCaMa03,NT
McCaOn00,RB
McCaRi00,WR
McCaTa00,S
McClAl00,DE
McClDe00,WR
McClJa01,MLB
McClJa20,G
McClLe00,RB
McClNi00,CB
McClRa00,WR
McClRo00,MLB
McClRo98,DB
McClSh00,DE
McClSt01,S
McClTe00,DL
McClWa00,T
McCoAn00,TE
McCoCo00,QB
McCoDe00,S
McCoDe99,DB
McCoEr01,OL
McCoGe99,DT
McCoJa02,DB
McCoJa02,DB
McCoJa99,DB
McCoJo01,QB
McCoLa00,WR
McCoLa00,WR
McCoLa00,WR
McCoLe01,RB
McCoLu00,QB
McCoMa00,G
McCoMa00,G
McCoMa00,G
McCoRy00,C
McCoTr00,DB
McCoZy02,CB
McCrDa00,DB
McCrDe00,CB
McCrJu00,G
McCrKe00,S
McCrL.00,S
McCrLe01,OLB
McCrMa00,K
McCrMa01,LB
McCrNa00,RB
McCrNa00,RB
McCrRo00,LB
McCrRo01,CB
McCuDa00,DT
McCuLa01,WR
McCuLi00,LS
McDaJa00,DL
McDaTo20,DT
McDeCo00,T
McDeKC01,OL
McDeKe00,LS
McDeSh01,C
McDoAn01,T
McDoBr01,FS
McDoCl99,DT
McDoDe00,CB
McDoDe01,S
McDoDe02,CB
McDoMa00,DT
McDoNi00,G
McDoRa99,DE
McDoTe00,S
McDoTJ00,FS
McDoVa00,TE
McDoWi00,DL
McDuIs00,LB
McDuTr00,DB
McElCo00,WR
McEvTa01,WR
McFaAn00,RB
McFaDa00,RB
McFaJo00,OL
McFaKi00,S
McFaLe00,CB
McFaMa00,LB
McFaMi01,LB
McGaKa00,OL
McGaWi00,RB
McGeBr00,CB
McGeSt01,DT
McGhGa01,T
McGiKe00,CB
McGiT.00,DT
McGlMa01,QB
McGlMi00,T
McGlMi20,G
McGoCo00,G
McGoCo01,OL
McGoKy00,WR
McGrBr00,DE
McGrBr00,DE
McGrCa00,LB
McGrSe00,TE
McGuEl00,RB
McGuIs00,DE
McInGa00,LB
McInKe00,RB
McInR.00,DT
McInRo20,LB
McKeIs00,WR
McKeKa00,DT
McKeLe99,DB
McKeMa01,OL
McKeSe01,TE
McKiBe00,ILB
McKiBr21,T
McKiCa01,LB
McKiCo00,OL
McKiJ.00,RB
McKiJe00,RB
McKiJe01,DB
McKiKo00,CB
McKiKo00,CB
McKiTa00,OLB
McKiTr00,TE
McKiVe00,S
McKiXa00,S
McKnJo00,RB
McLaCh00,K
McLaJa00,RB
McLaTe00,WR
McLeRo00,S
McLeSt00,DT
McLeTK00,DE
McMaBr01,K
McMaRa00,WR
McMaSh99,DB
McMaWy00,LB
McMiJa00,DB
McMiJa01,WR
McMiJa01,WR
McMiJa01,WR
McMiJe00,SS
McMiRa02,ILB
McNaJo00,LB
McNeAl00,NT
McNeMi00,TE
McNiJe00,RB
McNuMa00,WR
McPhEv00,K
McPhPe00,DL
McPhZe00,CB
McQuJa00,LS
McQuLe01,S
McQuPa21,T
McRaTo00,CB
McRoPa00,WR
McSoTr00,QB
McTyTo00,CB
MeacRo00,WR
MeadNa00,DB
MeanBu00,WR
MeanBu00,WR
MeanMo00,CB
MeanSt00,DE
MebaBr99,DT
MedeJa00,DT
MeekJo01,S
MeekQu00,CB
MeesBr20,C-G
MeieCa00,TE
MeinQu02,OL
MekaPa00,G
MeliIf00,CB
MeliOb00,SS
MeltBo00,WR
MeltHe99,DE
MeltMa00,CB
MeltMa00,CB
MelvRa00,CB
MendRa00,RB
MercWh00,DE
MereCa00,WR
MereJa20,T
MereJo00,OL
MeriBr99,DB
MerlPh99,DE
MerrFo00,DT
MerrKa00,S
MerrKi00,WR
MeskZo99,P
MetcDK00,WR
MetcJo00,WR
MeteJo00,S
MettZa00,QB
MewhJa00,T
MeyeJa01,WR
MichCh00,RB
MichJo00,C
MichMa00,WR
MichSo00,RB
MickJa01,WR
MiddDo01,S
MihaBr00,DE
MikeQu20,DB
MilaMa00,OLB
MileJe00,DB
MileJo00,T
MileRo00,FS
MillAn02,WR
MillBr02,FB
MillBr03,WR
MillBr05,DB
MillBr05,DB
MillCh04,EDGE
MillDa00,T
MillDa02,QB
MillDe00,CB
MillGa00,OLB
MillHa00,CB
MillHe00,TE
MillHe01,DB
MillJa02,CB
MillJo01,DT
MillJo02,T
MillJo04,G
MillJo05,CB
MillKe01,RB
MillKo00,T
MillKy00,TE
MillLa01,RB
MillRo03,S
MillRo99,DT
MillRy01,WR
MillRy01,WR
MillSc01,WR
MillSh00,EDGE
MillVe00,LB
MillVe00,LB
MillVo00,OLB
MillZa01,TE
MillZa02,TE
MilnDa00,WR
MiltCh00,CB
MiltKe00,TE
MimsDe00,WR
MimsJo00,RB
MimsMa00,WR
MincJe99,DE
MingBa00,OLB
MingJo00,WR
MinnCh00,DB
MinsGa00,QB
MintAn00,OLB
MintKe00,ILB
MintZa00,DT
MisiKo99,LB
MitcAd00,WR
MitcAd00,WR
MitcCa01,CB
MitcDa00,DL
MitcEa99,DT
MitcEl00,RB
MitcJa00,TE
MitcKe01,RB
MitcMa01,WR
MitcMa02,T
MitcMa99,MLB
MitcMi99,DB
MitcMy00,WR
MitcMy00,WR
MitcQu00,CB
MitcQu00,CB
MitcSt02,WR
MitcTe00,CB
MixoJo00,RB
MizzTa00,RB
MoalFi99,DT
MoatAr00,LOLB
MoaxDa00,DT
MoaxDa00,DT
MoaxDa00,DT
MochDo00,DL
MoeaTo00,TE
MoehTr00,S
MoffJo00,G
MoffJo01,DB
MohaMi00,LB
MolcJo01,G
MoldEl00,CB
MolkDa00,C
MomaIf00,WR
MoncDe00,LB
MoncDo00,WR
MondHe00,DT
MondKe00,QB
MondKe00,QB
MondKe00,QB
MondKe00,QB
MondKe00,QB
MondKe00,QB
MoneBr00,DT
MonkJa00,OL
MonkJa00,OL
MonkJa00,OL
MonrEu20,T
MontDa01,RB
MontDJ01,WR
MontTy01,WR-RB
MontWi20,G
MoodJa00,K
MoodNi00,OLB
MoonCo00,RB
MoonDa00,WR
MoonJe00,OLB
MoorA.00,DB
MoorBr24,P
MoorCh00,WR
MoorCJ01,DB
MoorCo00,S
MoorD.00,WR
MoorDa01,DE
MoorDa03,WR
MoorDa05,T
MoorDe02,WR
MoorDJ99,DB
MoorEl00,WR
MoorJa02,WR
MoorJa04,OL
MoorJM00,WR
MoorKa01,CB
MoorKe02,QB
MoorKe03,CB
MoorLa00,WR
MoorMa01,QB
MoorMa02,WR
MoorNi00,LS
MoorRa00,FS
MoorRo02,WR
MoorSi00,OLB
MoorSk00,OLB
MoorSk01,WR
MoorSt00,CB
MoorTa00,S
MoorWi99,DB
MoorZa00,DE
MoreFa00,CB
MoreFo00,TE
MoreJi00,CB
MoreKn00,RB
MorgDa01,TE
MorgDe99,DE
MorgJo00,WR
MorgJo01,WR
MorgJo03,OT
MorgJo03,OT
MorgJo03,OT
MorgMi00,OLB
MorgSt02,WR
MorrAl00,RB
MorrAn01,ILB
MorrDa01,CB
MorrJa01,ILB
MorrJi00,C
MorrMi00,DE
MorrNi00,MLB
MorrPa00,C
MorrQu00,TE
MorrWa01,OL
MorsMi00,C
MorsTh00,P
MosbAr00,LB
MoseDe00,ROLB
MoseEm00,CB
MoseMo00,T
MoseQu00,CB
MoslBr00,T
MoslC.00,ILB
MoslC.20,DT
MossAv00,DE
MossRi00,CB
MossSa00,WR
MossZa00,RB
MostRa00,RB
MotlPa00,DB
MotoTa00,T
MottZe00,SS
MounDe00,OLB
MoyeDe00,WR
MuamHe00,LB
MuasDa00,LB
MuasDa00,LB
MuhaAl00,DE
MuhlDo20,C
MuirDa20,DT
MukuIs00,S
MullMa00,TE
MullNi00,QB
MullTr00,CB
MuluAn00,ROLB
MumaCh00,LB
MumpKe00,WR
MundJo00,TE
MundRy00,DB
MunfTh00,OL
MunnCa99,DB
MunsCa00,OLB
MunyDa00,OL
MurcLa00,DL
MurpBy00,CB
MurpBy01,DT
MurpBy01,DT
MurpCa00,OLB
MurpJe99,DB
MurpKy00,T
MurpLo00,WR
MurpMa03,RB
MurpMy00,DE
MurpPa00,OL
MurpRy00,FS
MurpTr00,DE
MurpTy00,WR
MurrBi00,DT
MurrDe00,RB
MurrEr00,CB
MurrJi00,OL
MurrJu00,T
MurrKe00,OLB
MurrKy00,QB
MurrLa00,RB
MurrPa01,K
MuseNi00,TE
MuseTa00,S
MusgLu00,TE
MustMa00,S
MustMa00,S
MustPJ00,DT
MustPJ00,DT
MustSa01,C
MutiNe00,OL
MyarCh00,TE
MyerBr00,TE
MyerCh20,G
MyerJa00,K
MyerJo00,OL
MyreAl00,DB
MyriJa00,CB
NabeGa00,RB
NabeMa00,WR
NabeMa00,WR
NabeMa00,WR
NabeMa00,WR
NabeMa00,WR
NabeMa00,WR
NabeMa00,WR
NacuKa00,FS
NacuPu00,WR
NaggCh00,K
NaggCh00,K
NaggCh00,K
NailJa00,WR
NallRy00,RB
NarvBr00,K
NarvBr00,K
NarvBr00,K
NasiHa00,LB
NassCa00,DE
NassRy00,QB
NatsJo00,WR
NautIs00,TE
NealEl00,LB
NealEl00,LB
NealEv00,OL
NealKe01,FS
NealLe00,DE
NealMi99,LB
NealRy00,DB
NealSi00,CB
NearAa00,C
NeasSh00,S
NeblAn00,DT
NeedNi00,DB
NeilCh00,NT
NelsAn01,DL
NelsCo00,OLB
NelsDa01,WR
NelsJJ00,WR
NelsJo00,WR
NelsKy00,TE
NelsMa00,T
NelsNi00,CB
NelsQu00,G
NelsRe99,DB
NelsRo00,FS
NelsSt01,CB
NessNa00,DB
NeuzRy00,OL
NeviDr00,DL
NewhMa20,G-T
NewmRo00,OL
NewmTe20,DB
NewmXa00,OL
NewsDa00,WR
NewsDa00,WR
NewsDa00,WR
NewsDa00,WR
NewsDe00,RB
NewsGr00,CB
NewsJo00,OLB
NewtCa00,QB
NewtDe00,T
NewtJe00,DT
NewtJo00,CB
NgakYa00,DE
NgatHa20,DT
NianLu00,T
NichBi00,DT
NichDe00,CB
NichMo00,SS
NichRa00,DT
NichSt99,OLB
NickCa20,T
NickHa01,WR
NickHa02,ILB
NickPa00,CB
NicoDa00,DE
NiemBe00,RILB
NiemNi00,OLB
NiesMi00,OL
NijmYo01,OL
NiklTr00,TE
NinkRo20,DE
NiswJa00,P
NixILo00,DT
NixoDa00,DT
NixoJa00,CB
NixoKe00,CB
NixoTa00,DB
NixoXa00,T
NixxBo00,QB
NixxBo00,QB
NixxBo00,QB
NixxBo00,QB
NixxBo00,QB
NixxBo00,QB
NixxBo00,QB
NixxBo00,QB
NixxBo00,QB
NixxLu00,G
NixxRo01,FB
NiziCa00,P
NjokDa00,TE
NjonMa00,LB
NkanEl00,T
NkemRo00,DT
NnadDe00,DT
NoblDa00,TE
NormJo01,CB
NorrJa00,LB
NortBr00,P
NortSt00,T
NorwAn01,G
NorwJo00,WR
NorwKe00,WR
NorwTr00,DB
NoteJo00,T
NourHu00,OL
NourHu00,OL
NourHu00,OL
novaknic01,K
NowaDr00,DT
NowaTr00,LB
NowaTr00,LB
NsekTy00,T
NubiTy00,S
NubiTy00,S
nugenmik01,K
NuneRa00,DT
NursJo00,DB
NwanKe00,RB
NwanUc20,G
NwosUc00,OLB
NzeoMa00,OLB
O'ShJa00,TE
ObadEf00,OLB
ObomBe00,WR
OchiVi00,LB
OConAi00,QB
OConPa00,DE
OConPa01,LB
OConPa01,LB
ODanDo00,OLB
OdenIf00,DE
OdeyDa00,DE
OdhiRe00,G
OdigOs00,DT
OdigOw00,DE
OdomCh00,DE
ODonCa00,OL
ODonPa00,P
OdriJa99,DT
OdumGe00,S
OdunRo00,WR
OdunRo00,WR
OdunRo00,WR
OgbaEm00,DE
OgboAm00,LB
OgboCh00,RB
OgboOt00,DT
OgbuCe00,T
OgleAl00,OLB
OgleAn00,TE
OgleKe00,WR
OgunAd01,OLB
OgunDa00,RB
OgunLa00,DT
OherMi20,T
OhrnRi20,G
OjabDa00,LB
OjemMi00,CB
OjomMo00,DT
OjukJo00,OL
OjukJo00,OL
OjukJo00,OL
OjulAz00,LB
OjulBJ00,OLB
OkadTy00,SS
OkafAl00,DE
OkerBo00,OLB
OkinEa00,DE
OkonCh00,TE
OkorCh00,T
OkorKe00,DB
OkorOg00,DE
OkuaSa00,DE
OkudJe00,CB
OkunRu20,T
OkwaJu00,DL
OkwaRo01,DE
OkwuAl00,TE
OladKi00,S
OladKi00,S
OlatAy00,DB
OlavCh00,WR
OlawJa00,FB
OlaxMi00,T
OLeaNi00,TE
OlivBr01,RB
OlivEd00,DL
OlivIs00,CB
OlivJo00,TE
OlliQa00,RB
OlonSe01,RB
OlseEr20,G
OlseGr00,TE
OlszGu00,WR
OlubSe00,LB
OlumDo00,CB
OluoFo00,LB
OluwOl00,C
OMalRy00,TE
OmamPa00,G
OmenCh00,DL
ONeaRa00,T
ONeiBr00,T
OnujJo00,LB
OnweMi00,OL
OnwuJa00,OLB
OnwuLe00,DE
OnwuPa00,OLB
OnyeDa00,DT
OpetIo00,G
OpurTo00,FB
OrakBr99,LB
OrchNa00,OLB
OrjiAn00,LB
OrjiAn00,LB
OrloDa00,QB
OrrxCh00,LB
OrrxKa00,DB
OrrxLe00,DT
OrrxZa00,LB
OrtiRi00,FB
OrtoKy00,QB
OruwAm00,CB
OrzeMa00,TE
OsboKJ00,WR
OsemKe00,T
OsgoKa00,WR
OssaJo00,LB
OstmJo00,DE
OsweBr00,QB
OtomEs00,DT
OttoCa00,TE
OttoMi20,T
OttxTy00,LS
OverDe00,LB
OverDe00,LB
OverJe00,LS
OverMa00,LS
OwehJa00,OLB
OwenCh99,DB
OwenGe00,S
OwenJo01,S
OwenMo01,RB
OwenTy00,S
OwenTy00,S
OwusAk99,DB
OwusCh00,WR
OwusJe00,LB
OzigDe01,RB
OzouCh00,DL
PaceCa20,DE
PaceIv00,LB
PachIs00,RB
PaeaSt00,DT
PagaJe00,DE
PageEr00,WR
PainCu00,QB
PainVi00,T
PalaKa00,LB
PalaMi00,P
PalcAl00,T
PalcAl00,T
PalcAl00,T
PaleTe00,DT
PalmAs99,MLB
PalmCa00,QB
PalmJo00,WR
PalmJo20,QB
PalmMi00,TE
PalmNa01,ROLB
PalmTo00,WR
PalmTr00,WR
PalmWa01,DL
PampKe00,T
PankAd00,G
PantCh00,TE
PappOw00,LB
ParaMa00,C
ParhDo00,TE
ParhDy00,OL
ParkAa01,WR
ParkAa01,WR
ParkAJ00,CB
ParkBr00,TE
ParkBr01,T
ParkCo02,TE
ParkCo03,K
ParkDe01,WR
ParkPr00,WR
ParkRo01,CB
ParkSt00,DB
ParkTe00,DB
ParkWi01,S
ParmJa00,RB
ParnJe00,T
ParrDa00,NT
ParrTi00,T
ParsMi00,OLB
PascBe00,TE
PascJo00,DE
PascZa00,WR
PashTo20,T
PaszAu00,LG
PatmDe00,WR
PatmTy00,CB
PatrAa00,LB
PatrAa00,LB
PatrAa00,LB
PatrJa01,RB
PatrJo00,DB
PatrLu00,G
PatrNa00,LB
PatrTi00,WR
PattAn00,WR
PattCo00,WR-RB
PattDi20,DB
PattEr00,CB
PattJa00,OL
PattJa01,RB
PattJa03,OL
PattMi20,DT
PattQu00,WR
PattRi01,K
PattSo01,WR
PaulCh00,OL
PaulDa01,TE
PaulLo00,TE
PaulNi00,WR
PaulPa01,OT
PaulPa01,OT
PaulPa01,OT
PayeKw00,DE
PaynDa00,DT
PaynDo00,LB
PaysSp00,OLB
PaytJo00,WR
PaytRi00,CB
PeacCh00,DE
PeadIs00,RB
PeakCh00,WR
PearEr20,T
PearHe00,FB
PearMa00,OL
PeatAn00,T
PedeJo00,TE
PedeJo00,TE
PeerCe00,RB
PeevJa00,DT
PekoDo20,DT
PekoKy00,DT
PellMi00,CB
PeloCl00,DE
PendJe00,DT
PeniJo00,DL
PennDo20,T
PennEl00,RB
PennMi00,DT
PennRa00,RB
PennTr00,T
PeopDo00,WR
PeppJa00,SS
PeppJu99,DE
PeppTa00,LS
PeriJu00,TE
PeriLa00,RB
PeriSa00,RB
PerkBr02,QB
PerkJo02,TE
PerkKe00,T
PerkPa00,RB
PerkRo00,LB
PerrAT00,WR
PerrBr02,WR
PerrDe00,ILB
PerrJo01,OLB
PerrMa00,WR
PerrNi00,DE
PerrRo01,DL
PerrSe00,RB
PersMi00,T
PeteAd01,RB
PeteBr00,OLB
PeteCo00,DT
PeteJa21,T
PeteKe01,CB
PeteMa00,CB
PeteNa00,QB
PeteOt00,LB
PetePa00,CB
PetiNi00,T
PettAu00,WR
PettBr00,TE
PettBr01,QB
PettDa00,WR
PettDe00,S
PettDe00,S
PharJe00,DL
PhilAd00,DB
PhilAn02,CB
PhilAn02,CB
PhilCa00,OLB
PhilCa01,WR
PhilCl00,CB
PhilDa00,CB
PhilDa01,DT
PhilDa02,CB
PhilDe00,OLB
PhilHa00,DT
PhilJa01,LB
PhilJa02,LB
PhilJo00,TE
PhilJo01,DT
PhilJu00,LB
PhilKe99,DB
PhilKy00,DL
PhilKy01,WR
PhilSc01,RB
PhilSh20,DE
PhilTy00,OL
PickGe00,WR
PickKe00,QB
PickRy20,DT
PickZa00,DL
PierAl00,WR
PierAr00,RB
PierBe00,RB
PierDa01,RB
PierJa01,DB
PierJa99,DE
PierKe00,OLB
PierMi00,DT
PierOl00,DT
PierRo00,OL
PiliBr00,DT
PineEd00,K
PiniBr00,P
PinkEr00,FS
PinkJa00,OL
PinkJa02,TE
PinkLa00,WR
PinnJa01,CB
PintDa00,OL
PipkLe00,CB
PipkTr00,T
PitoRo00,DE
PitrJa00,S
PittAn01,OLB
PittDe00,TE
PittDe01,CB
PittJa00,DT
PittKy00,TE
PittLa00,CB
PittMi01,WR
PleaAu00,T-G
PleaAu00,T-G
PleaAu00,T-G
PleaEd00,SS
PlumTe01,ILB
PociEt00,C
PodlAd20,P
PoexDo00,DT
PoinQu00,DB
PolaIs00,S
PolaTr99,DB
PoliJa00,EDGE
PoliQu00,LB
PoljTo00,TE
PoljTo00,TE
PolkCh00,RB
PolkJa00,WR
PolkJa00,WR
PolkJa00,WR
PollBe20,DB
PollMi20,C
PollTo00,RB
PoluPa99,MLB
PoluTy20,G
PondCh00,QB
PoolBr01,CB
PoolTa00,RB
PopeTr00,RB
PortJo02,CB
PortRe01,CB
PortSe00,OLB
PortTr99,DB
PoseDe00,WR
PoseJu00,CB
PotoBe00,DE
PottJo00,K
PottNa00,T
PounMa20,C
PounMi00,C
PoutJe00,T
PoweBe00,OL
PoweBi00,RB
PoweBr00,WR
PoweCo00,WR
PoweDa02,WR
PoweJe00,DL
PoweJe99,DB
PoweRo01,OLB
PoweSh00,P
PoweTy00,OLB
PoweTy01,FS
PoweWa00,WR
PoyeJo00,S
PratGe00,OLB
PratMa20,K
PratSh00,CB
PrenAd00,FB
PresDa01,QB
PresDe00,CB
PresGi00,DE
PresMi00,WR
PricBi01,C
PricBo00,DB
PricBr00,DT
PricDV00,RB
PricEj00,OLB
PricGi00,T
PricJa00,CB
PricSh00,CB
PridTr00,CB
PrinBy00,WR
PrinDe00,RB
PrinDe00,RB
PrinDe01,CB
PrinDe01,CB
PrinIs00,OL
PritNe00,CB
PritNe00,CB
ProcJa00,WR
ProsC.00,RB
ProsCh00,DB
ProsJa00,FB
PruiMy00,TE
PryoCa00,FS
PryoJo00,DE
PryoMa00,T
PryoTe00,QB
PughJa00,G
PughJo99,DB
PughJu00,G
PullHa00,ILB
PullSp00,C
PuniDo00,OL
PuniDo00,OL
PuniDo00,OL
PurcMi00,DT
PurdBr00,QB
PurdTa00,C
PuriLo01,CB
QualEl00,DT
QuarAn00,TE
QuarKe01,DT
QuarSh00,OLB
QueePa00,OLB
QuesDa00,T
QuesPa00,TE
QuesPa00,TE
QuesSc00,C
QuicBr00,WR
QuigRy00,P
QuinGl99,DB
QuinRo00,DE
QuinTr00,WR
QuitTe00,TE
QvalBr01,T
RackWi01,LG
RadeKe00,TE
RaduDi00,OL
RagaTr00,RB
RagaTr00,RB
RaglRe00,ILB
RagnFr00,C
RaimBe00,OL
RainBo00,RB
RainCh00,RB
RaioDo20,C
RajiBJ99,DT
RakeEn00,CB
RakeEn00,CB
RalsNi00,FB
RambBa00,FS
RamcRy00,T
RamiMa20,G
RamsJa00,CB
RamsRa00,LB
RandDa00,FS
RandJo01,RB
RandRu00,WR
RankMa00,T
RankSh00,DT
RappTa00,S
RashHa00,LB
RashHa00,LB
RatlDa00,WR
RatlJa20,DE
RawlTh00,RB
RayfCa00,LB
RaymKa00,WR
RaymMi00,DB
RayxLa02,DT
RayxSh00,DE
RayxWy01,DE
ReadD.00,DT
ReagJa00,WR
ReasKe00,CB
ReavC.00,S
ReavDa00,RB
ReavJe00,FS
ReddCo20,DE
ReddHa00,OLB
ReddKe00,ILB
ReddSi00,RB
RedfKa00,P
RedmAd00,G
RedmAl01,G
RedmIs20,RB
RedmWi00,CB
RedwSh00,S
ReecMa00,TE
ReedBe01,WR
ReedBr00,DL
ReedCh00,G
ReedD.00,CB
ReedDa00,WR
ReedEd00,DB
ReedJa02,DT
ReedJa03,WR
ReedJe00,S
ReedJo02,TE
ReedJo03,WR
ReedJR01,DB
ReedKa00,CB
ReedMa01,OLB
ReedTr00,CB
ReedTr01,OLB
ReesOt00,LB
ReevJa00,OLB
RehkRy00,P
RehkRy00,P
ReicWi00,K
ReicWi00,K
ReicWi00,K
ReidCa00,DT
ReidEr00,FS
ReidJa00,T
ReidJo00,CB
ReidJu00,FS
ReidWi01,LB
ReifRi00,T
ReilTr00,OLB
ReimTi00,TE
ReimTi00,TE
ReisAl00,TE
ReitAu00,C
ReitJo00,T
RemmMi00,T
RendTy00,DE
RenfHu00,WR
RenfSe00,QB
ReulKo00,TE
ReviDa99,DB
ReyeKe00,DT
ReyeSa00,TE
ReyeSa00,TE
ReynCh00,RB
ReynCr00,RB
ReynDa00,WR
ReynDa01,G
ReynEd00,FS
ReynGa20,T
ReynJo00,WR
ReynKe00,RB
ReynLa00,OLB
ReyxVi00,MLB
RhanDe00,C
RhatJo00,LB
RhodLu00,OLB
RhodXa00,CB
RhyaSe00,OL
RhynFo00,LB
RicaPa00,FB-DT
RiccGi00,TE
RiceDe00,DB
RiceMo00,LB
RiceRa00,RB
RiceRa01,WR
RiceSi01,WR
RichAn03,QB
RichAs00,OL
RichBa20,C
RichBo00,DT
RichCy00,G
RichDa00,RB
RichJa01,RB
RichJa99,DE
RichJe02,CB
RichJo00,SS
RichPa01,WR
RichRi00,WR
RichSe00,S
RichSh00,DT
RichTr00,RB
RichWe00,C
RichWi01,T
RickEl00,CB
RiddDe00,QB
RiddTh00,RB
RidgHa00,DT
RidgJo00,DT
RidlCa00,WR
RidlRi00,WR
RidlSt00,RB
RiggCo00,CB
RileCu00,CB
RileDu00,OLB
RileEl01,DB
RileJo00,DL
RilePe00,MLB
RineCh20,T
RingCh00,DE
RingKe00,CB
RiosMa00,CB
RipkAa00,FB
RisnDa00,OL
RiveCh01,DE
RiveDa00,CB
RiveDe00,DE
RiveGe00,DE
RiveKe99,LB
RiveMy00,TE
RivePh00,QB
RiveRo01,RB
RoacMa01,DT
RoacNi99,MLB
RoacTr00,LB
RobbBr00,P
RobeAm00,CB
RobeAn00,WR
RobeCr00,LB
RobeDa00,CB
RobeDe01,DE
RobeEl00,ILB
RobeMa00,CB
RobeMi01,TE
RobeNi00,CB
RobePe01,LB
RobeRo00,DE
RobeSa00,DE
RobeSe00,WR
RobeTr00,DT
RobeTr01,DL
RobiAa00,DB
RobiAd00,TE
RobiAd01,LB
RobiAl00,WR
RobiAl02,WR
RobiAl03,DL
RobiAS00,DT
RobiBi01,RB
RobiBr00,WR
RobiBr01,RB
RobiBr98,DE
RobiCa00,T
RobiCh00,LB
RobiCh00,LB
RobiCo00,T
RobiCu00,LB
RobiDe00,RB
RobiDe01,WR
RobiDo00,DE
RobiDu20,DB
RobiEd00,OLB
RobiGe00,WR
RobiGr01,T
RobiJa00,RB
RobiJa03,S
RobiJa04,DE
RobiJo01,CB
RobiJo02,RB
RobiKe01,OLB
RobiKe02,S
RobiKh00,RB
RobiLa02,G
RobiLa02,G
RobiLa02,G
RobiLu00,DE
RobiMa03,LB
RobiMi00,FB
RobiPa99,DB
RobiRa00,CB
RobiRe00,CB
RobiRy01,DE
RobiTa00,OLB
RobiTr01,G
RobiTr02,S
RobiWa01,WR
RobyBr00,CB
RobyCo00,WR
RoccSa20,P
RochIs00,DE
RochQu00,LB
RochRo00,DB
RodgAa00,QB
RodgAm00,WR
RodgDo99,DB
RodgIs00,CB
RodgJa00,RB
RodgJa03,T
RodgRi00,TE
RodrCh00,RB
RodrEv00,TE
RodrMa00,LB
RoetBe00,QB
RogeAr00,TE
RogeCa20,DB
RogeCh02,WR
RogeDa01,WR
RogeEl00,WR
RogeJu00,DB
RogeSh99,DT
RolaCh00,CB
RolaCh00,CB
RolaDe20,T
RollAn20,DB
RollJu00,CB
RollQu00,CB
RomoTo00,QB
RoosJo00,G
RoosMi20,T
RosaAl00,K
RosaDa00,TE
RoseJo01,QB
RoseLo00,CB
RoseNi00,K
RoseRo01,OT
RoseRo01,OT
RoseRo01,OT
RossAa99,DB
RossBr00,CB
RossDa02,DT
RossDA03,DB
RossJa00,DT
RossJe01,WR
RossJo00,WR
RossJo01,LB
RossJu00,WR
RossRa00,WR
RotiBu00,DE
RotiBu00,DE
RoulCh00,C
RounLa00,RB
RousGr00,DE
RoweEr00,CB
RowlCh00,WR
RoyaEd00,WR
RoysEv00,RB
RoyxBr00,DT
RoyxJa00,DL
RozeCh00,LB
RubiAh99,NT
RuckFr99,DE
RuckJe00,TE
RudoJa00,QB
RudoKy00,TE
RudoMa00,QB
RudoTr00,WR
RuggHe00,WR
RuizCe00,OL
RumpCh00,OLB
RunyJo00,OL
RupcAn00,T
RushAn00,NT
RushCo00,QB
RushDa00,CB
RushMa00,DE
RussAl01,WR
RussBr00,TE
RussCh00,LB
RussDo00,DL
RussJJ00,LB
RussKe00,CB
RussRy00,DE
RussTa00,K
RyanDe20,LB
RyanJa00,OLB
RyanJo21,P
RyanLo00,CB
RyanMa00,QB
RylaCh00,K
RypiBr00,QB
SaffRo20,T
SainMi00,CB
SainMi00,CB
SalaGr00,WR
SaldNi00,OL
SalyJa00,OL
SambTy00,T
SamiDr00,OL
SampCa00,DE
SampDr00,TE
SampJa00,SS
SamuAs00,CB
SamuAs20,DB
SamuCu00,WR
SamuDe00,WR
SamuJa00,RB
SamuSt01,DB
SanbGa00,C
SanbJa00,LB
SancMa00,QB
SancRi00,P
SancZa00,CB
SandAc00,WR
SandBr00,WR
SandDr00,LB
SandEm00,WR
SandJa00,K
SandJa01,TE
SandJa01,TE
SandMi01,RB
SandMy00,DE
SanfBr00,DL
SanfJa99,DB
SankBi00,RB
SankDa00,LB
SantCa01,K
SantRy00,P
SanuMo00,WR
SanzDa00,WR
SappBe00,S
SappRi99,LB
SareFo00,T
SareFo00,T
SareFo00,T
SareFo00,T
SargMe00,RB
SateSa20,C
SaubEr00,TE
SaunCJ00,WR
SaunDe00,DB
SaunJa00,WR
SaunKh00,DT
SaunWe00,TE
SavaDa00,S
SavaTo00,QB
SaxtWe01,TE
ScalPa00,LS
ScalTe00,OLB
ScanOr99,DB
ScarBo01,RB
ScarBr00,OLB
ScarJo00,RB
SchaJ.00,LB
SchaMa00,QB
SchaMa01,T
ScheBr00,G
ScheTo00,TE
SchiSh99,DB
SchiSt00,OL
SchlAu00,G
SchlCa00,OL
SchmCo00,P
SchnSp00,WR
SchoBr00,DB
SchoJo00,OLB
SchoLu00,TE
SchoMi00,T
SchoOB99,LB
SchrMa00,TE
SchrRy00,T
SchuDa00,TE
SchuJa00,P
SchwAn00,WR
SchwBr00,C
SchwGe20,T
SchwMi00,T
SchwWe00,T
ScibNi00,K
ScifMi20,P
scobejos01,K
ScotBe00,RB
ScotBo02,RB
ScotCh23,T
ScotDa01,RB
ScotDa02,WR
ScotDe01,DE
ScotDe01,DE
ScotJa02,WR
ScotJK00,P
ScotJo00,CB
ScotJo22,T
ScotNi00,NT
ScotNi01,S
ScotRa01,WR
ScotTi00,FS
ScotTr01,T
ScotTr99,DE
ScotTy00,WR
ScotVe00,S
ScruGr00,DE
ScruJu00,OL
SealRi00,TE
SeamSa00,DB
SearDa00,DB
SefeAu00,TE
SeibAu00,K
SeisMo00,CB
SelvGe99,DE
SenaDe00,DT
SenaGr00,T
SendAn00,DB
SendLy20,C
SennJo00,MLB
SensCo00,CB
SermTr00,RB
SettTi00,DT
SeumIs00,G
SeweNe00,LB
SeweNo00,LB
SewePe00,T
SeymKe00,CB
SeymRy00,G
ShabAl00,CB
ShahAd00,TE
ShahRa00,WR
ShakKh00,WR
SharDa01,LB
SharDa02,T
SharHu01,WR
SharTa00,WR
ShatTy00,G
ShauMa99,DE
ShawCo00,QB
ShawJo00,CB
ShazRy00,OLB
SheaDe00,DB
SheaJa00,DL
ShefKe00,CB
ShelBr00,T
ShelBr01,LB
ShelCo00,C
ShelDa01,DT
ShelDe00,DE
ShelDu00,CB
ShelTy00,DT
ShelTy00,DT
ShelTy01,OLB
ShelTy01,OLB
ShemPr00,OLB
ShenLa00,WR
ShepAu00,T
ShepDa00,WR
ShepDa01,T
ShepJa00,CB
ShepKe00,MLB
ShepNa00,DT
ShepRu00,WR
ShepSt00,WR
SherAn00,RB
SherDe00,OL
SherJa00,LB
SherJa01,DE
SherJa01,DE
SherMa20,DB
SherRi00,DB
SherTr00,WR
SherWi01,T
ShiaVi00,TE
ShieSa00,DB
ShipA.20,C
ShipWi00,RB
ShipWi00,RB
ShipWi00,RB
ShirJo00,DE
ShorCe00,WR
ShorKa00,DT
ShraSp00,K
ShraSp00,K
ShraSp00,K
ShudCa00,K
ShulMi01,TE
SickGa00,DE
SidbLa99,DE
SiegTr00,LS
SielZa00,DE
SiemTr00,QB
SilaAm00,T
SilbIa00,G
SiliSe00,DT
SillDa01,WR
SillJo00,T
SimmIs00,OLB
SimmJe01,DL
SimmJo00,G
SimmJu00,FS
SimmLa00,G
SimmMa00,QB
SimoDe00,NT
SimoJo01,DE
SimoSc00,TE
SimoTh00,CB
SimpJe00,WR
SimpJo00,OL
SimpTr00,LB
SimsBe00,TE
SimsCa00,WR
SimsCh00,RB
SimsDi00,TE
SimsEr20,LB
SimsEu99,LB
SimsLe00,CB
SimsPa99,DT
SimsRo20,G
SimsSt00,WR
SingAl00,OLB
SingDe00,RB
SinnBe00,TE
SipoAr01,P
SirlJe00,T
SittJo20,G
SizeDe00,DT
SkinDe00,LB
SkinJL00,S
SkipDa00,T
SkipTu00,LB
SkorPe00,OL
SkovSh00,ILB
SkowBe00,WR
SkriBu00,DB
SkulJu00,T
SkurMa01,C
SkutDa00,MLB
SladCh01,G
SlatMa00,WR
SlatRa00,T
SlatTe00,DT
SlauMa20,G
SlayDa00,CB
SlayDa01,WR
SlomSa00,K
SlyeJo00,K
SmalKi00,RB
SmalWe00,RB
SmarSt00,TE
SmarTa00,DT
SmelBr00,TE
SmelDe00,WR
SmitAl02,TE
SmitAl03,QB
SmitAl04,DE
SmitAl22,RB
SmitAn01,RB
SmitAn02,TE
SmitAn04,ILB
SmitAn22,DE
SmitAn23,T
SmitAr00,RB
SmitBr01,WR
SmitBr04,CB
SmitBr06,G
SmitBr08,LB
SmitC.00,CB
SmitCa01,LB
SmitCa02,CB
SmitCh03,DE
SmitCh04,S
SmitCh05,CB
SmitCh05,CB
SmitCh06,DL
SmitCh06,DL
SmitD.00,MLB
SmitDA03,T
SmitDa24,LB
SmitDA99,DT
SmitDe04,WR
SmitDe05,FS
SmitDe06,RB
SmitDe07,WR
SmitDJ00,CB
SmitDo02,T
SmitDr02,RB
SmitEl00,DE
SmitEm01,LB
SmitEr00,G
SmitFi00,S
SmitGa01,DT
SmitGe00,QB
SmitHa00,FS
SmitIh00,WR
SmitIr01,TE
SmitIt00,RB
SmitJa01,DE
SmitJa05,OLB
SmitJa06,WR
SmitJa08,DL
SmitJe02,RB
SmitJe03,WR
SmitJi03,CB
SmitJo01,TE
SmitJo03,LB
SmitJo03,LB
SmitJu00,WR
SmitJu20,DE
SmitKa00,TE
SmitKe03,FB
SmitKe04,WR
SmitKe05,DB
SmitKe05,DB
SmitKi00,T
SmitLe00,TE
SmitLe01,OL
SmitMa02,MLB
SmitMa03,DE
SmitMa04,FS
SmitMa06,DT
SmitMa07,DT
SmitNo02,LB
SmitPr00,DE
SmitQu00,DE
SmitRa02,LB
SmitRo05,WR
SmitRo06,RB
SmitRo07,ILB
SmitRo08,RB
SmitRy00,CB
SmitSa02,CB
SmitSe99,DB
SmitSh02,FB
SmitSh03,WR
SmitSh03,WR
SmitSh03,WR
SmitSh03,WR
SmitSh03,WR
SmitSh22,G
SmitSt01,WR
SmitSu00,LB
SmitSu00,LB
SmitTe01,ILB
SmitTe03,WR
SmitTe04,LILB
SmitTe05,DB
SmitTJ00,DT
SmitTo02,WR
SmitTr03,WR
SmitTr04,DB-CB
SmitTr04,CB
SmitTr04,DB-CB
SmitTr04,DB
SmitTr04,DB
SmitTr04,DB
SmitTr04,DB-CB
SmitTr05,OL
SmitTy00,T
SmitTy01,CB
SmitTy02,OL
SmitTy03,LB
SmitTy05,S
SmitTy05,S
SmitVy00,WR
SmitWa21,T
SmitWi00,T
SmitZa00,DE
SmooDa00,DE
SmytDu00,TE
SneaWi00,WR
SneeCh20,G
SneeLJ00,CB
SnelBe00,RB
SnelJa00,RB
SnowCh00,DE
SnowCh00,LB-DE
SnydAd20,T-G
SnydKe00,LB
SokoKr00,DT
SokoMa00,TE
SoldNa00,OL
SoliPa99,DT
SoloSc00,DE
SootVi00,LB
SopoIs20,DT
SoreDa01,S
SorsCo00,OL
SoutDe00,SS
SoweBr00,T
SowxSi00,OL
SpadRy00,WR
SpaeMa00,TE
SpaiMa00,OLB
SpaiQu00,G
SpanBr00,TE
SpanBr00,TE
SpanCh00,RB
SpeaBr00,DE
SpeaMa21,DE
SpeaTy00,RB
SpecBa00,LB
SpeeAm00,CB
SpeeEJ00,OLB
SpeiOm00,LB
SpenAk00,DT
SpenAn99,DE
SpenCh21,C
SpenDi00,WR
SpenEv00,WR
SpenMa00,DT
SpenNo00,DE
SpenSe00,LILB
SperKo00,TE
SpikBr99,LB
SpilC.00,RB
SpilCJ99,DB
SpilIs00,RB
SpilRo00,OLB
SpitAu99,OLB
SpriJa00,T
SpriJe00,TE
SproDa00,RB
SpurMi00,WR
SquaDa00,DE
St.BEq00,WR
StacZa00,RB
StafDa00,FS
StafMa00,QB
StalIs00,LB
StalIs00,LB
StalJo20,T
StalTa00,DT
StanDr00,QB
StanJa00,CB
StanJo02,FB
StanJu00,OLB
StanR.00,CB
StanRo00,T
StapJu00,DL
StarJa00,RB
StarJa01,SS
StarMa21,T
StarRa20,DT
StarTy00,OLB
StecJo00,T
StecJo00,T
SteeAn00,G
SteeCa00,RB
SteeCa00,RB
SteeCa00,RB
SteeRo00,CB
SteeTe01,T
SteeTy00,T
SteiDa00,T
StelCr99,DB
StenLo00,OL
StepBr01,CB
StepDo00,T
StepLa00,RB
StepLi00,CB
StepSh00,DT
SterCa00,S
SterJa00,TE
SterNe00,WR
SterZa00,OL
StevCr00,TE
StevJa00,DB
StevJa00,DB
StevMa00,WR
StevMa00,WR
StevMa00,WR
StevRh00,RB
StevTo01,QB
StevTy01,DB
StewAr00,WR
StewDa00,DB
StewDa21,T
StewGr00,DT
StewJe00,FB
StewJo00,RB
StewM.00,CB
StewTo01,OLB
SticEa00,QB
StidJa00,QB
StigQw00,CB
StigQw00,CB
StilBe00,DL
StilDa01,DT
StilDe00,DT
StilKe00,WR
StinAa00,G
StinBy00,T
StinDe00,CB
StinEd00,DE
StJuBe00,DB
StLoTy01,T
StocLu00,TE
StokBr00,WR
StokEr00,CB
StolCh00,LS
StolJa00,TE
StonDi00,WR
StonDi00,WR
StonGe00,S
StonJa01,TE
StonJa02,C
StonRy00,P
StorBr00,C
StouJo00,P
StovCa00,TE
StovCa00,TE
StraBr00,TE
StraCo00,LB
StraCo00,LB
StraCo01,OL
StraMi03,WR
StreCh00,QB
StreDe00,WR
StreKe00,DT
StreRo00,WR
StreTo00,WR
StriLo00,S
StriLo00,S
StriZa20,G
StrnJu00,OLB
StroCJ00,QB
StroGr00,CB
StroJa01,WR
StroJa02,DL
StroKe00,DT
StroPi00,RB
StroRi01,C
StuaGr00,LB
StucDa20,S
StudAn99,LOLB
StupNa01,OLB
SturCa00,K
StxxAm00,WR
Sua-Xa00,G
SuamKi00,T
SuamKi00,T
SuamKi00,T
SuccRy44,K
SudfNa00,QB
SudfZa00,TE
SuggTe99,LB-DE
SuhxNd99,DT
suishsha01,K
SullCh00,CB
SullJo24,C
SullSt00,TE
SullTr01,S
SummFr00,RB
SummTy00,OLB
SundNi00,C
SunsVi00,SS
SupePh00,TE
SurrCh00,LB
SurtPa01,CB
SuthKe00,G
SuttCa00,CB
SuttCo00,WR
SuttWi00,DT
SvitWi20,T
SwaiFr00,WR
SwaiGe00,TE
SwanDa02,CB
SwanTr00,C
SweaDJ00,FS
SweaJo00,DE
SweaMo00,EDGE
SweaTV01,NT
SweeJ.00,G
SweeRo01,CB
SweeTo00,TE
SwifDA00,RB
SwilTr00,CB
SwitRy00,WR
SwooEr00,TE
SwooTy00,TE
SylvSt99,LILB
Ta'aAl00,DT
TaboTe00,CB
TagoTu00,QB
TaimTa00,DL
TaimTa00,DL
TakiSi00,OLB
TaliAq99,DB
TaliLo00,RB
TallJu00,WR
TallRo00,DE
TammJa00,TE
TandKe00,S
TankCo00,CB
TannAl00,QB
TannPh00,RB
TannRy00,QB
TappCh00,DE
TappDa20,DE
TarpA.00,LB
TarpJe00,MLB
TartJa00,SS
TartTe00,DT
TasiPa00,DT
TateAu00,WR
TateBe00,RB
TateBr00,WR
TateGo00,WR
TauaJo00,LB
TaufWi00,RB
TaumPi00,OLB
TavaJ.00,OLB
TavaJa00,OLB
TaveGi00,K
TaylAl01,DB
TaylAl02,T
TaylCa01,CB
TaylCo01,SS
TaylCu99,DB
TaylDa00,DE
TaylDa01,LB
TaylDa02,S
TaylDe00,DE
TaylDe02,DT
TaylIk20,DB
TaylJa01,CB
TaylJa02,OL
TaylJa04,CB
TaylJa05,DB
TaylJJ01,RB
TaylJo01,WR
TaylJo02,RB
TaylJu00,DT
TaylKe00,WR
TaylKe03,CB
TaylLa01,G
TaylMa01,WR
TaylPa01,RB
TaylPh00,DL
TaylRy00,TE
TaylSh00,CB
TaylSt00,RB
TaylTa00,WR
TaylTo01,P
TaylTo01,P
TaylTr02,WR
TaylTy00,QB
TaylVi00,DT
TeamRo00,S
TeckSa00,C
TelfKa00,T
TelfKa00,T
TelfKa00,T
TelfRa00,TE
TellMa00,S
TellWy00,G
TenuLu00,OL
Teo-Da99,DE
TeoxMa00,ILB
TerrAJ00,CB
TerrSt00,DB
TeviSa00,T
TherRo00,SS
TheuJo00,T
ThibKa00,DE
ThieAd00,WR
ThigMa00,WR
ThomAh00,FS
ThomAJ00,DB
ThomAm00,CB
ThomAn02,OL
ThomBJ00,DE
ThomBJ00,DE
ThomBr01,DT
ThomBr03,CB
ThomBr03,DB-CB
ThomBr04,DE
ThomBr06,WR
ThomBr06,WR
ThomBr06,WR
ThomCa02,LB
ThomCa03,DE
ThomCa99,DT
ThomCh02,LB
ThomCh03,RB
ThomCh04,LB
ThomCh05,WR
ThomCh06,DE
ThomCo02,LB
ThomCo03,TE
ThomCo04,WR
ThomDa03,RB
ThomDa04,T
ThomDa05,FS
ThomDa06,RB
ThomDa07,S
ThomDe03,WR
ThomDe04,WR
ThomDe05,WR
ThomDe06,S
ThomDe07,WR
ThomDo02,QB
ThomDo26,G
ThomDr00,LB
ThomDy01,SS
ThomEa99,DB
ThomIa00,TE
ThomIs01,DE
ThomJ.02,LB
ThomJa04,FS
ThomJa05,OL
ThomJe03,CB
ThomJo01,DB
ThomJo03,TE
ThomJo04,OLB
ThomJo05,TE
ThomJo06,DB
ThomJo07,DB
ThomJo28,T
ThomJu00,TE
ThomJu01,RB
ThomJu03,S
ThomKe02,WR
ThomKe04,OLB
ThomKi00,CB
ThomLa02,WR
ThomLa04,DE
ThomLo00,TE-QB
ThomMa00,OLB
ThomMi02,S
ThomMi04,WR
ThomMi05,WR
ThomMy00,S
ThomNa00,CB
ThomPe00,CB
ThomPh00,FS
ThomPi00,RB
ThomRo04,NT
ThomRo05,RB
ThomRo07,LB
ThomSa00,RB
ThomSh00,SS
ThomSh01,OLB
ThomSi00,CB
ThomSk00,QB
ThomSo00,DE
ThomSt00,CB
ThomSt01,CB
ThomTa00,TE
ThomTa01,DB
ThomTe00,SS
ThomTe99,DB
ThomTr01,DB
ThomXa01,OLB
ThomXa01,OLB
ThomZa04,OL
ThorCe00,DT
ThorHu00,G
ThorJu00,S
ThorKh00,DT
ThorNe00,DB
ThorTy00,WR
ThroCa01,T
ThunJo00,G
ThurNi00,DT
ThurWa99,DB
TialD.00,TE
TillAn01,G
TillCe01,WR
TillCh20,DB
TillJe00,DL
TimmLa99,RILB
TimuJo00,ILB
TindCh00,LB
TinkCa00,LS
TinsMi00,WR
TippJo00,C
TiptMa00,WR
TiptMa00,WR
TiptZu01,RB
TobiMa00,T
TodmJo00,RB
TogiNo00,TE
TogiTo00,DT
ToilLe00,TE
TolbJa00,WR
TolbMi00,RB
ToleGr99,DB
ToliKe00,DB
TollJa00,WR
TolzSc00,QB
TomlDa00,DT
TomlEr01,TE
TomlLa01,G
TomxCa00,C
TomxZa00,OL
ToneCo00,T
ToneKa00,WR
ToneSh00,LB
TongJa00,TE
TongKh00,DT
TonyRo00,TE
ToohCa00,OLB
ToomKo00,ILB
ToonNi00,WR
TooTHe00,LB
ToriAn20,DT
TorrOC00,G
TothBr00,T
TothJo00,C
TourSa00,WR
TousFi00,RB
TownJo01,P
TownTo01,P
TracTy00,RB
TracTy00,RB
TracTy00,RB
TraiLy00,LB
TramAu00,WR
TranDr00,OLB
TraoBa00,T
TraoBa00,T
TrasKy00,QB
TratJu00,DE
TrauAd00,TE
TravRo00,TE
TrawBr00,S
TrayAu00,TE
TreaLa00,WR
TregBr00,WR
TremTo00,TE
TretJC00,G
TretSe00,G
TrevDa00,OLB
TricCo00,DB
TricCo00,DB
TrinZa00,LS
TripJo00,OLB
TrotJe01,LB
TrotJe01,LB
TrotJe01,LB
TrouJo00,G
TrubMi00,QB
TrueJe20,T
TrufDe00,CB
TrufIs00,DB
TrusJa99,DE
TryoJo00,OLB
TuckCa00,T
TuckCa00,T
TuckDa00,G
TuckDa00,G
TuckDa00,G
TuckJu00,K
TuckJu20,DE
TuckMa00,RB
TuckSe00,RB
TuckTr00,WR
TuelJe00,QB
TuerMa00,C
TufeJa00,DT
TuggJu00,LB
TuioJa00,DT
TuipMa00,DT
TuipTu00,OLB
TuitSt00,DT
TukuWi00,DT
TullSt20,MLB
TuneCl00,QB
TunsLa00,T
TupoCh00,DT
TupoJo00,DT
TupoTa01,DT
TuraKe00,OLB
TurbRo00,RB
TurnBi00,T
TurnCo00,TE
TurnDa01,OLB
TurnDa01,OLB
TurnDe01,RB
TurnDe02,S
TurnDJ00,WR
TurnDJ01,CB
TurnKo00,NT
TurnLa00,OL
TurnMa00,WR
TurnNo00,S
TurnPa01,WR
TurnPa02,DE
TurnRo22,G-T
TurnTr01,G
TurnZe00,S
TurpKa00,WR
TurzAn00,WR
TuszDe00,DL
TuttSh00,DL
TyexWi00,TE
TymsBr00,WR
TysoDe00,DE
TysoMi00,FS
UcheJo00,OLB
UdohOl01,T
UkoxGe00,DT
UmenOs99,DE
UndeTi00,WR
UngaJ.00,OL
UngaUa00,MLB
UngeMa20,C
UnreMi00,DT
UpshCo00,OLB
UrbaBr00,DE
UrbiKr20,G
UrscJo00,G
UrsuJo00,WR
UwazEy00,DE
UzomC.00,TE
VaccKe00,FS
VaeaDe01,DT
VaitHa00,T
VakiSi00,RB
VakiSi00,RB
ValdMa00,WR
ValeCa00,CB
ValeVi00,DT
VallHa00,TE
VallSt00,G
VallTa00,ILB
VallXa00,RB
VallXa00,RB
ValoJe00,DE
VanDDe00,DB
VandEd00,DT
VandJa00,TE
VandJu00,OL
VandLe00,OLB
VanDRy00,T
VanGAn00,OLB
VanNKy00,OLB
VanNLu00,LB
VannNi00,TE
VanPSe00,OL
VanPSe00,OL
VanPSe00,OL
VanRGr00,G
VanSBe00,LB
VanVZa00,LB
VanxCo00,T
VargTy00,RB
VasqLo20,G
VaugCa00,DB
VaugDe00,RB
VaugJa01,LB
VaugJo01,RB
VaugKe00,RB
VeasJo00,WR
VeaxVi00,DT
VedvKa00,P
VegaJa00,DE
VelaFe20,G
VeldJa20,T
VeldMa00,TE
VeleDe00,WR
VeleDe00,WR
VellJo00,DT
VeltJu00,WR
VentRa20,DB
VentRo00,DB
VeraAl00,OL
VereBr00,SS
VereSh00,RB
VernAl99,DB
VernOl00,DE
VerrJa00,CB
VersJa00,OLB
VersJa00,OLB
VickKe00,DE
VickKe99,DT
VickMi00,QB
VictBi01,WR
VictJo00,CB
VigiNi00,ILB
VigiZa00,ILB
VilaLu00,LB
VildKi00,CB
VillAl00,T
VilmJo99,LB
vinatada01,K
VincKa00,DB
VincKa00,DB
VirgDe00,CB
VirgJa00,WR
VirgLa00,NT
VitaDa00,FB
VizcTr00,K
VogeJu00,P
VokoTr00,TE
VokoTr00,TE
VollSe20,T
VolsCo02,T
VorhAn00,OL
VorhAn00,OL
VorhAn00,OL
VrabTy00,OL
VrabTy00,OL
VujnJe00,T
WaddJa00,WR
WaddLa01,T
WadeBa00,LB
WadeBa00,LB
WadeSh00,DB
WadeTr00,CB
WadmCo00,P
WagnBo00,ILB
WagnRi00,T
WaitCo00,P
WakeCa00,OLB
WaldEr99,ROLB
WaleMa00,OL
WalfCl00,TE
WalkAn01,MLB
WalkCa00,DT
WalkDA02,EDGE
WalkDe03,DE
WalkHu00,TE
WalkJo00,G
WalkJo01,ILB
WalkKe00,RB
WalkMi00,WR
WalkMy00,OLB
WalkPh00,QB
WalkQu00,LB
WalkRa00,OL
WalkRe00,OLB
WalkRe01,LB
WalkTr00,CB
WalkTr01,S
WalkTr03,DE
WalkTy00,DL
WalkVa99,DT
WallAa00,OLB
WallCa00,T
WallCa00,T
WallCa00,T
WallCo20,C
WallDa00,CB
WallDa01,TE
WallGa00,LB
WallJo00,DB
WallJo00,DB
WallKV00,S
WallLe00,CB
WallMa00,OL
WallMi00,WR
WallSe00,QB
WallTr00,LB
WallTr01,G
WallTy00,WR
WalsBl00,K
WaltAn01,S
WaltAu00,RB
WaltBr00,WR
WaltBr01,T
WaltJ.20,C
WaltLe00,DT
WaltMa00,RB
WanoTe00,OL
WardAl00,LS
WardCh00,DE
WardCh01,DB
WardDe02,CB
WardGr02,WR
WardJa00,S
WardJi01,SS
WardJi02,DE
WardJo00,RB
WardT.99,DB
WardTe00,RB
WardTi00,DE
WareDe99,LB
WareJy00,T
WareSp00,RB
WarfLa00,G
WarmCh00,G
WarmJu00,DE
WarnFr00,OLB
WarrCa00,T
WarrGr20,C
WarrJa01,RB
WarrJe00,G
WarrKa00,TE
WarrMi01,RB
WarrNi01,S
WarrNi01,S
WarrPi00,S
WashAd00,DT
WashAr00,S
WashBr00,G
WashBr01,DL
WashCh01,DB
WashCo00,DE
WashCo01,WR
WashDa03,TE
WashDa99,LB
WashDe00,RB
WashDw00,RB
WashJa00,WR
WashLe00,RB
WashMo00,WR
WashNa00,WR
WashPa01,WR
WashSc00,WR
WashTo00,OLB
WateBr55,G
WateHe00,CB
WatfEa00,G
WatkCa00,DT
WatkDa00,OL
WatkJa01,CB
WatkQu00,WR
WatkRo00,T
WatkSa00,WR
WatsBe00,TE
WatsBr01,DB
WatsCh00,WR
WatsDe00,QB
WatsDe99,OLB
WatsJa02,DB
WatsJo00,LB
WatsJu01,WR
WatsLe00,T
WatsMe00,T
WatsNa00,LB
WatsNa00,LB
WatsTe00,RB
WattAr00,FS
WattAr01,DL
WattBr00,OLB
WattCh00,G
WattCr00,G
WattDe00,FB
WattJ.00,DE
WattLu00,OL
WattMa00,OLB
WattT.00,OLB
WattTr00,RB
WaynRe00,WR
WaynTr00,CB
WayxTr00,P
WeahJe01,WR
WeatSe99,LB
WeatSt00,OLB
WeatSt01,DB
WeatSt20,P
WeavCu00,LB
WeavCu00,LB
WeavRa00,OLB
WebbBW00,CB
WebbDa00,QB
WebbJM20,T
WebbJo00,QB-WR
WebbLa99,DB
WebbMa01,S
WebbRa02,WR
WebbSa00,CB-S
WebbSa00,CB-S
WebsCo20,DB
WebsKa00,CB
WebsKe00,CB
WebsLa00,DE
WebsNs00,WR
WeddEr99,DB
WeedBr00,QB
WeekJo00,C
WeemDa00,T
WeemEr00,WR
WeghBr00,RB
WelcKr00,OLB
WelcTh20,T
WelkWe00,WR
WellDa00,TE
WellJo02,T
WellSc20,G-C
WendJo99,DB
WendRy20,C
WentAu01,G
WentCa00,QB
WernBj00,DE
WernPe00,LB
WescTr00,TE
WeslAn01,WR
WeslDe00,T
WestCh01,RB
WestCh02,G
WestCh03,CB
WestDe00,WR
WestEt00,DE
WestJa99,DE
WestLe00,T
WestNi00,WR
WestTe00,RB
WetzJo00,T
WhalGr00,WR
WhalRy00,WR
WharTe00,DE
WharTr20,T-G
WheaMa00,WR
WheaTy01,T
WheaTy02,DE
WheeCh00,T
WheePh99,LOLB
WhelDa00,P
WhimGu20,T
WhitAn20,T
WhitBe00,OLB
WhitBl01,TE
WhitCh02,QB
WhitCh03,OLB
WhitCo01,SS
WhitCo02,G
WhitCo03,G
WhitCo05,WR
WhitD.00,CB
WhitDe01,WR
WhitDe02,OLB
WhitDo20,DB
WhitFo00,RB
WhitIs00,WR
WhitJa02,RB
WhitJa04,DB
WhitJa05,CB
WhitJe02,DB
WhitJo03,SS
WhitJo04,WR
WhitJo04,WR
WhitJo04,WR
WhitJo04,WR
WhitKe00,WR
WhitKe03,DE
WhitKy00,S
WhitLu00,WR
WhitMe00,CB
WhitMi01,QB
WhitMy00,WR
WhitNi01,FB
WhitNi02,CB
WhitNi02,CB
WhitRa01,RB
WhitRo00,WR
WhitTa00,OLB
WhitTi00,WR
WhitTr01,CB
WhitZa01,RB
WhylJo01,TE
WhytKe00,RB
WichCo00,G
WickCo00,TE
WickDo00,WR
WiggJa00,DB
WiggJa00,DB
WiggKe00,T
WiggNa00,CB
WiggNa00,CB
WilbKy00,OLB
WilbRa00,LB
WilcJ.00,S
WilcMi01,TE
WildBr01,RB
WildRa00,DB-CB
WildRa00,DB-CB
WileJa00,TE
WileJa00,TE
WileMa01,P
WilfVi20,NT-DT
WilhMi00,LB
WilkCh00,DL
WilkEl00,T
WilkJo01,RB
WilkKr00,WR
WilkMa00,DB
WilkMu00,DT
WillAa00,DB
WillAn00,RB
WillAn01,OLB
WillAn03,RB
WillAv00,ILB
WillAv02,RB-DB
WillBr02,DT
WillBr04,TE
WillBr06,TE
WillBr07,CB
WillCa03,QB
WillCa03,QB
WillCa03,QB
WillCa03,QB
WillCa03,QB
WillCa03,QB
WillCa03,QB
WillCa03,QB
WillCa03,QB
WillCa99,DB
WillCh03,T
WillCh05,WR
WillCh06,WR
WillCh07,CB
WillCh07,CB
WillCh08,DT
WillCo00,T
WillD.00,TE
WillD.20,LB
WillDa011,RB
WillDa04,WR
WillDa05,RB
WillDa06,T
WillDa07,T
WillDa08,OL
WillDa09,CB
WillDa10,RB
WillDa11,WR
WillDa14,C
WillDa15,CB
WillDa99,DT
WillDe02,RB
WillDe04,DT
WillDe06,WR
WillDe07,RB
WillDe11,CB
WillDe11,CB
WillDo04,LB
WillDu00,SS
WillDu01,WR
WillEv00,S
WillEv00,S
WillFr05,CB
WillGa00,CB
WillGa23,T
WillGe02,DL
WillGr00,CB
WillIa00,DT
WillIs02,T
WillJa02,MLB
WillJa06,RB
WillJa07,HB
WillJa09,DB
WillJa10,RB
WillJa11,WR
WillJa14,CB
WillJa14,CB
WillJa15,LB
WillJa15,LB
WillJa95,OLB
WillJe04,OL
WillJo03,CB
WillJo05,DE
WillJo07,RB
WillJo09,DE
WillJo10,OL
WillJo13,CB
WillJo16,DE
WillKa01,RB
WillKa02,WR
WillKe05,RB
WillKe06,DE
WillKe06,DE
WillKe98,DT-DE
WillKh00,S
WillKW00,DB
WillKy01,WR
WillKy02,RB
WillKy20,DT
WillLe02,DT
WillLu00,TE
WillMa03,CB
WillMa04,TE
WillMa06,S
WillMa09,FB
WillMa12,QB
WillMa22,DE
WillMi04,WR
WillMi06,TE
WillMi07,WR
WillMi08,DT
WillNi01,DT
WillNi02,WR
WillP.00,CB
WillPa98,LB
WillPo01,RB
WillPo01,RB
WillPr01,WR
WillQu00,DL
WillQu01,OLB
WillRa03,DT
WillRo07,CB
WillRo08,TE
WillSa00,OLB
WillSe00,WR
WillSh02,SS
WillSt01,WR
WillSt02,CB
WillSy00,DT
WillTe00,CB
WillTe01,WR
WillTi00,OLB
WillTo00,DE
WillTr02,OLB
WillTr03,RB
WillTr05,CB
WillTr06,RB
WillTr07,DB
WillTr07,DB
WillTr21,T
WillTr99,DB
WillTy00,WR
WillTy01,RB
WillVi01,ILB
WillWe00,WR
WillXa00,DT
WilsAl02,WR
WilsBr01,CB
WilsC.00,CB
WilsC.98,DE
WilsCa00,TE
WilsCe01,WR
WilsDa01,RB
WilsDa02,ILB
WilsDi00,CB
WilsDo01,S
WilsEm00,RB
WilsEr00,ILB
WilsGa00,WR
WilsGe01,SS
WilsIs00,OL
WilsJa00,S
WilsJe00,WR
WilsJe01,RB
WilsJi00,DB
WilsJo03,WR
WilsJo03,WR
WilsJo99,DB
WilsKi00,LB
WilsKy00,LB
WilsKy99,DB
WilsLo00,OLB
WilsMa01,OLB
WilsMa02,WR
WilsMa03,OLB
WilsMa04,CB
WilsMa05,DT
WilsMa05,DT
WilsMi02,WR
WilsPa00,LB
WilsPa00,LB
WilsQu01,CB
WilsRa00,ILB
WilsRu00,QB
WilsSh01,RB
WilsTa00,FS
WilsTy01,DE
WilsZa00,QB
WiltJo01,CB
WimbKa20,DE
WimsJa00,WR
WincJa00,LS
WindMi00,C
WindRo01,DT
WindRo01,DT
WinfAn00,S
WinfJu00,WR
WinfPe00,DT
WingAn01,S
WingBr00,P
WingMe00,DL
WingRo00,RB
WinnBi00,DT
WinnGe00,RB
WinoCh00,EDGE
WinsEa00,WR
WinsEr20,T
WinsGl00,RB
WinsJa00,QB
WinsKe01,TE
WinsRy00,P
WintAn00,LB
WintBr00,G
WintDe00,LB
WirfTr00,OL
WirtSt01,LS
WirtSt01,LS
WiseDa01,DL
WiseDe00,DE
WishMi00,P
WisnSt01,LG
WithAh00,CB
WithDe00,CB
WithWi20,LB
WittJa00,TE
WitzBr00,T
WoerCh00,TE
WolfDe00,DT
WolfEa00,SS
WolfEt00,TE
WolfEt00,TE
WolfJo00,QB
WomaSa00,CB
WonnDJ00,DL
WoodAl99,DT
WoodAn02,NT
WoodCh00,DB
WoodCh01,DB
WoodCh01,DB
WoodCi00,RB
WoodCo01,DL
WoodDa02,RB
WoodEr20,C
WoodJe01,TE
WoodJo00,DE
WoodJo02,OLB
WoodJT00,S
WoodJu00,S
WoodJu00,S
WoodLa99,LB
WoodLo00,QB
WoodMi00,WR
WoodRo02,WR
WoodWe20,MLB
WoodXa00,SS
WoodXa01,LB
WoodZa00,DE
WoolTa00,CB
WootCh00,LB
WootCo99,DE
WootKh00,CB
WoriJa99,DE
WorlCh00,OLB
WorlDa00,CB
WormCh00,DT
WorrPa00,MLB
WortCh00,WR
WortDo99,DE
WortJe00,DT
WortXa00,WR
WortXa00,WR
WortXa00,WR
WrehBl00,CB
WrenRe00,DL
WrigAl01,DE
WrigBr00,K
WrigBr01,TE
WrigDa00,OL
WrigEr99,DB
WrigGa00,DT
WrigIs01,WR
WrigJa02,WR
WrigJa03,WR
WrigJa04,RB
WrigJa04,RB
WrigK.00,MLB
WrigKe01,WR
WrigMa00,K
WrigMa99,DB
WrigNa00,CB
WrigOw00,RB
WrigRy00,P
WrigSc00,ILB
WrigSh00,DB
WrigTi01,TE
WyatDe00,DT
WyliAn00,T
WyliDe00,WR
WynnIs00,T
WynnJa99,DE
WynnJo00,DE
WynnKe00,DE
WynnSh00,WR
WyplLu00,C
XimiOs00,EDGE
Ya-SRo00,CB
YandMa20,G
YankCo00,TE
YankCo00,TE
YankDa00,G
YarbEd01,DE
YateT.00,QB
YeasRu00,DB
YeatWi00,TE
YeboKe00,TE
YeldDe00,TE
YeldT.00,RB
YiadIs00,CB
YorkCa00,K
YounBr01,QB
YounBy00,DT
YounBy01,OLB
YounCa00,DT
YounCh02,LS
YounCh04,DL
YounDa01,FB
YounDa02,WR
YounKe03,MLB
YounLa00,T
YounLo00,CB
YounSa21,T
YounTa01,CB
YounTr00,DE
YounUs99,DB
YounWi99,DE
ZaccOl01,WR
ZakeNi00,OL
ZappBa00,QB
ZastDa20,P
ZavaCh00,G
ZeitKe00,G
ZennZa00,RB
ZentTy00,P
ZettAn00,DE
ZimmJu00,DT
ZintZa00,G
ZintZa00,G
ZintZa00,G
ZombFr00,LB
ZubeIs00,WR
ZuerGr00,K
ZuniJa00,DL
ZuttJe20,G
ZylsBr00,WR
ZylsSh00,TE
